"name_ovd","address","coordinate"
"Москва | ФКУ «КП № 2 УФСИН по Московской области»","ул. Панфилова, 21, Зеленоград, Москва, Россия, 124575","55.985637,37.170452"
"ФКУ СИЗО-1 УФСИН России по г. Москве (Матросская тишина) | Москва","ул. Матросская Тишина, 18, Москва, Россия, 107076","55.791946,37.697338"
"ФКУ СИЗО-1 ФСИН России (Кремлевский централ) | Москва","ул. Матросская Тишина, 18, Москва, Россия, 107076","55.791946,37.697338"
"ФКУ СИЗО-2 УФСИН России по г. Москве (Бутырка) | Москва","Новослободская ул., 45, Москва, Россия, 127055","55.785176,37.595278"
"ФКУ СИЗО-2 ФСИН России (Лефортово) | Москва","ул. Лефортовский Вал, дом 5, Москва, Россия, 111250","55.761343,37.70561"
"ФКУ СИЗО-3 УФСИН России по г. Москве (Пресня) | Москва","1-й Силикатный пр-д, 11, Москва, Россия, 123007","55.765471,37.513184"
"ФКУ СИЗО-4 УФСИН России по г. Москве (Медведь) | Москва","Вилюйская ул., 4, Москва, Россия, 127081","55.88168,37.629497"
"ФКУ СИЗО-5 УФСИН России по г. Москве (Водник) | Москва","Выборгская ул., 20, Москва, Россия, 125130","55.835116,37.497737"
"ФКУ СИЗО-6 УФСИН России по г. Москве (Печатники) | Москва","Шоссейная ул., 92, Москва, Россия, 109383","55.666769,37.721155"
"ФКУ СИЗО-7 УФСИН России по г. Москве (Капотня) | Москва","ул. Верхние Поля, 57, Москва, Россия, 109382","55.657626,37.800884"
"ФКУ СИЗО-12 УФСИН России по г. Москве | Москва","ул. Панфилова, 21, Зеленоград, Москва, Россия, 124575","55.985637,37.170452"
"пос. Ульяновка | ФКУ «ИК № 2 УФСИН России по СПб и ЛО»","пос, Ульяновское ш., 76, Ульяновка, Ленинградская обл., Россия, 187010","59.620797,30.74873"
"Санкт-Петербург | ФКУ «ИК № 5 УФСИН России по СПб и ЛО»","1-й пр-д, 1, Санкт-Петербург, Россия, 196641","59.805805,30.512028"
"Санкт-Петербург | ФКУ «ИК № 6 УФСИН России по СПб и ЛО»","Грузовой пр-д, 7, Санкт-Петербург, Россия, 192288","59.841891,30.436677"
"Санкт-Петербург | ФКУ «ИК № 7 УФСИН России по СПб и ЛО»","ул. Латышских Стрелков, 22, Санкт-Петербург, Россия, 193318","59.932005,30.447948"
"Санкт-Петербург | ФКУ «КП № 8 УФСИН России по СПб и ЛО»","ул. Академика Лебедева, 39, Санкт-Петербург, Россия, 195009","59.96284,30.357129"
"ФКУ СИЗО-1 УФСИН России по Санкт-Петербургу и Ленинградской области Кресты | Ленинградская область, Санкт-Петербург","Колпинская ул., д.9, Санкт-Петербург, Россия, 196655","59.750087,30.621854"
"ФКУ СИЗО-3 УФСИН России по Санкт-Петербургу и Ленинградской области | Ленинградская область, Санкт-Петербург","Резервная ул., 2, Выборг, Ленинградская обл., Россия, 188800","60.715136,28.768261"
"ФКУ СИЗО-3 ФСИН России | Санкт-Петербург","Шпалерная ул., 25, Санкт-Петербург, Россия, 191123","59.948819,30.351162"
"ФКУ СИЗО-4 УФСИН России по г. Санкт-Петербургу и Ленинградской области | Ленинградская область, Санкт-Петербург","ул. Академика Лебедева, 39, Санкт-Петербург, Россия, 195009","59.96284,30.357129"
"ФКУ СИЗО-5 УФСИН России по г. Санкт-Петербургу и Ленинградской области | Ленинградская область, Санкт-Петербург","Арсенальная ул., 11, Санкт-Петербург, Россия, 195009","59.960904,30.371379"
"ФКУ СИЗО-6 УФСИН России по г. Санкт-Петербургу и Ленинградской области — «Горелово» | Ленинградская область, Санкт-Петербург","Заречная ул., 22, Санкт-Петербург, Россия, 190000","59.788823,30.60677"
"п. Тлюстенхабль | ФКУ «ИК № 1 УФСИН России по Республике Адыгея»","ул. Ленина, 28, Тлюстенхабль, Республика Адыгея, Россия, 385228","44.984685,39.099003"
"ФКУ СИЗО-2 УФСИН России по Республике Адыгея | Республика Адыгея","ул. Ленина, 28, Тлюстенхабль, Республика Адыгея, Россия, 385228","44.984685,39.099003"
"Барнаул | ФКУ «ИК № 3 УФСИН России по Алтайскому краю»","ул. Куета, 29, Барнаул, Алтайский край, Россия, 656905","53.310739,83.648747"
"Рубцовск | ФКУ «ИК № 5 УФСИН России по Алтайскому краю»","Тракторная улица, д. 23, Рубцовск, Алтайский край, Россия, 658204","51.550166,81.20964"
"с. Шипуново | ФКУ «ИК № 6 УФСИН России по Алтайскому краю»","Заводская ул., 48А, село Шипуново, Алтайский Край, Россия, 658390","52.225517,82.269083"
"Рубцовск | ФКУ «ИК № 10 УФСИН России по Алтайскому краю»","Тракторная ул., 26А, Рубцовск, Алтайский Край, Россия, 658209","51.530344,81.214022"
"Барнаул | ФКЛПУ «КТБ № 12 УФСИН России по Алтайскому краю»","пр. Канатный, 83, Барнаул, Алтайский край, Россия, 656021","53.310276,83.739485"
"Барнаул | ФКУ «ЛИУ № 1 УФСИН России по Алтайскому краю»","9-й Заводской пр-д, 44, Барнаул, Алтайский край, Россия, 656023","53.394134,83.705067"
"ФКУ СИЗО-1 УФСИН России по Алтайскому краю | Алтайский край","пр. Канатный, 81, Барнаул, Алтайский край, Россия, 656021","53.310326,83.741628"
"ФКУ СИЗО-2 УФСИН России по Алтайскому краю | Алтайский край","Чехова, 2, Бийск, Алтайский край, Россия, 659326","52.541258,85.186201"
"ФКУ СИЗО-4 УФСИН России по Алтайскому краю | Алтайский край","ул. Тракторная, 26, Рубцовск, Алтайский край, Россия, 658204","51.530923,81.213581"
"с. Возжаевка | ФКУ «ИК № 2 УФСИН России по Амурской области»","улица Центральная, село Возжаевка, Амурская область, 676811","50.731985,128.714784"
"с. Среднебелая | ФКУ «ИК № 3 УФСИН России по Амурской области»","ул. Герки Рулёва, 2, село Среднебелая, Амурская обл., Россия, 676910","50.661849,127.999481"
"Благовещенск | ФКУ «ИК № 8 УФСИН России по Амурской области»","Албазинская улица, 45, Благовещенск, Амурская область, Россия, 675020","50.32874,127.582999"
"ФКУ СИЗО-1 УФСИН России по Амурской области | Амурская область","Серышевский переулок, 55, Благовещенск, Амурская область, Россия, 675007","50.271134,127.505913"
"Архангельск | ФКУ «Архангельская ВК УФСИН России по Архангельской области»","поселок Талаги, д. 112, Архангельская область, 163530","64.614295,40.62922"
"Архангельск | ФКУ «ИК № 1 УФСИН России по Архангельской области»","Пирсовая улица, 27, Архангельск, 163050","64.515663,40.525031"
"Котлас | ФКУ «ИК № 4 УФСИН России по Архангельской области»","ул. Чиркова, 35, Котлас, Архангельская обл., Россия, 165302","61.249347,46.683703"
"Коряжма | ФКУ «ИК № 5 УФСИН России по Архангельской области»","дор Магистральное шоссе, д. 101 , Коряжма, Архангельская обл., Россия, 165650","61.292936,47.115942"
"Архангельск | ФКУ «ИК № 7 УФСИН России по Архангельской области»","Лахтинское ш., 105, Архангельск, Архангельская обл., Россия, 163039","64.417872,40.639235"
"д. Горка-Муравьевская | ФКУ «ИК № 14 УФСИН России по Архангельской области»","улица Спецгородок, 1А, деревня Горка-Муравьёвская, Архангельская область, 165115","61.102254,42.136517"
"п. Североонежск | ФКУ «ИК № 21 УФСИН России по Архангельской области»","2-ой мкрн., 10, Североонежск, Архангельская обл., Россия, 164268","62.591268,39.838133"
"п. Ерцево | ФКУ «ИК № 28 УФСИН России по Архангельской области»","ул. Гагарина, д. 26 , посёлок Ерцево, Архангельская область, 164000","60.791737,40.082525"
"п. Талаги | ФКУ «КП № 3 УФСИН России по Архангельской области»","поселок Талаги, д. 119, Архангельская область, 163530","64.614295,40.62922"
"Архангельск | ФКУ «ОБ УФСИН России по Архангельской области»","Онежская ул., 22, Архангельск, Архангельская обл., Россия, 163050","64.515539,40.551544"
"ФКУ СИЗО-1 УФСИН России по Архангельской области | Архангельская область","ул. Попова, 22, Архангельск, Архангельская обл., Россия, 163000","64.545687,40.52594"
"ФКУ СИЗО-3 УФСИН России по Архангельской области | Архангельская область","ул. Конева, 1, Вельск, Архангельская обл., Россия, 165150","61.082804,42.116684"
"ФКУ СИЗО-4 УФСИН России по Архангельской области | Архангельская область","ул. Силикатчиков, д.20, Архангельск, Архангельская обл., Россия, 163058","64.487591,40.766017"
"Астрахань | ФКУ ИК-6 УФСИН России по Астраханской области","ул. Рождественского, 6, Астрахань, Астраханская обл., Россия, 414057","46.314045,48.045327"
"Астрахань | ФКУ ИК-8 УФСИН России по Астраханской области","ул. Советской Гвардии, 50, Астрахань, Астраханская обл., Россия, 414044","46.450682,47.965267"
"Астрахань | ФКУ ИК-10 УФСИН России по Астраханской области","ул. Фунтовское ш., 25, Астрахань, Астраханская обл., Россия, 414057","46.308854,48.044396"
"ФКУ СИЗО-1 УФСИН России по Астраханской области | Астраханская область","пер-лок Буровский, 2, Астрахань, Астраханская обл., Россия, 414000","46.348969,48.034425"
"ФКУ СИЗО-2 УФСИН России по Астраханской области | Астраханская область","ул. Береговая, д. 7, г. Нариманов, Астраханская обл., Россия, 416111","46.690487,47.853539"
"Салават | ФКУ «ИК № 2 УФСИН по Республике Башкортостан»","Станция Южная, Салават, Башкортостан, 453256","53.389049,55.888543"
"Уфа | ФКУ «ИК № 3 УФСИН по Республике Башкортостан»","ул. Советов, 54, Уфа, Респ. Башкортостан, Россия, 450069","54.789468,56.235619"
"Уфа | ФКУ «ИК № 13 УФСИН по Республике Башкортостан»","Индустриальная ш., 32, Уфа, Респ. Башкортостан, Россия, 450061","54.804645,56.087977"
"Салават | ФКУ «ИК № 16 УФСИН по Республике Башкортостан»","153 км трассы P240, г. Салават, Республика Башкортостан, 453256","53.3493,55.845193"
"ФКУ СИЗО-1 УФСИН России по Республике Башкортостан | Республика Башкортостан","ул. Достоевского, 39, Уфа, Респ. Башкортостан, Россия, 450015","54.735308,55.940614"
"ФКУ СИЗО-2 УФСИН России по Республике Башкортостан | Республика Башкортостан","улица С. Тюленина, 34, Белорецк, Республика Башкортостан, 435500","53.967553,58.410072"
"ФКУ СИЗО-3 УФСИН России по Республике Башкортостан | Республика Башкортостан","Комсомольская ул., 7, Стерлитамак, Респ. Башкортостан, Россия, 453124","53.614144,55.958743"
"ФКУ СИЗО-4 УФСИН России по Республике Башкортостан | Республика Башкортостан","улица Худайбердина, дом 7, г. Бирск, Республика Башкортостан, 452450","55.425912,55.528095"
"ФКУ СИЗО-5 ГУФСИН России по Республике Башкортостан | Республика Башкортостан","ул. Промзона, с. Иванаево, Башкортостан, 452308","55.495944,54.813085"
"Алексеевка | ФКУ «ИК № 4 УФСИН по Белгородской области»","ул. Привокзальная, 2, Алексеевка, Белгородская обл., Россия, 309850","50.62077,38.6617"
"Белгород | ФКУ «ИК № 5 УФСИН по Белгородской области»","ул. Волчанская, 286, Белгород, Белгородская обл., Россия, 308006","50.560245,36.640655"
"Валуйки | ФКУ «ИК № 6 УФСИН по Белгородской области»","улица Тимирязева, 1А, Валуйки, Белгородская область, 309996","50.212127,38.121203"
"Валуйки | ФКУ «ИК № 7 УФСИН по Белгородской области»","ул. Тимирязева, 3, Валуйки, Белгородская обл., Россия, 309996","50.212001,38.123544"
"ФКУ СИЗО-2 УФСИН России по Белгородской области | Белгородская область","ул.Ленина, д. 7, г. Старый Оскол, Белгородская область, 309514","50.83569,37.235839"
"ФКУ СИЗО-3 УФСИН России по Белгородской области | Белгородская область","улица Константина Заслонова, 169А, Белгород, 308017","50.594801,36.663625"
"Брянск | ФКУ «ИК № 1 УФСИН по Брянской области»","улица Комарова, 30, Брянск, Брянская обл., Россия, 241022","53.262353,34.394188"
"Брянск | ФКУ «ИК № 2 УФСИН по Брянской области»","ул. Котовского, 39, Брянск, Россия, 241004","53.209557,34.432126"
"Стародуб | ФКУ «ИК № 5 УФСИН по Брянской области»","ул. Семашко, 4, Стародуб, Брянская обл., Россия, 243240","52.593704,32.763626"
"Клинцы | ФКУ «ИК № 6 УФСИН по Брянской области»","2-я Парковая улица, 2, Клинцы, Брянская область, 243140","52.742881,32.210497"
"Сураж | ФКУ «КП № 3 УФСИН по Брянской области»","Лесная улица, 3, Сураж, Брянская область, 243500","53.000585,32.405362"
"ФКУ СИЗО-1 УФСИН России по Брянской области | Брянская область","ул. Советская, 2А, Брянск, Брянская обл., Россия, 241050","53.247039,34.355976"
"ФКУ СИЗО-2 УФСИН России по Брянской области | Брянская область","Красная площадь, 9, Новозыбков, Брянская область, 243020","52.541022,31.921402"
"Гусиноозерск | ФКУ «ИК № 1 УФСИН России по Республике Бурятия»","г. Гусиноозерск, Бурятия, 671160","51.281687,106.532657"
"Улан-Удэ | ФКУ «ИК № 8 УФСИН России по Республике Бурятия»","Спиртзаводской тракт, 4 км., Улан-Удэ, Респ. Бурятия, Россия, 670033","51.550963,107.658899"
"ФКУ СИЗО-1 УФСИН России по Республике Бурятия | Республика Бурятия","Пристанская ул., 4, Улан-Удэ, Респ. Бурятия, Россия, 670000","51.842115,107.572845"
"п. Головино | ФКУ «ИК № 1 УФСИН по Владимирской области»","Советская улица, 50А, посёлок Головино, Владимирская область, 601395","56.182555,41.472259"
"Покров | ФКУ «ИК № 2 УФСИН по Владимирской области»","ул. Франка Штольверка, д. 6, Покров, Владимирская обл., Россия, 601122","55.903829,39.183762"
"Владимир | ФКУ «ИК № 3 УФСИН по Владимирской области»","ул. Полины Осипенко, 49, Владимир, Владимирская обл., Россия, 600009","56.153657,40.41184"
"Вязники | ФКУ «ИК № 4 УФСИН по Владимирской области»","Железнодорожная ул., 37, Вязники, Владимирская обл., Россия, 601440","56.22937,42.112151"
"п. Мелехово | ФКУ «ИК № 6 УФСИН по Владимирской области»","Первомайская ул., 261а, Мелехово, Владимирская обл., Россия, 601967","56.255768,41.314046"
"п. Пакино | ФКУ «ИК № 7 УФСИН по Владимирской области»","Центральная улица, 1А, посёлок Пакино, Владимирская область, 601960","56.363976,41.233449"
"д. Чудиново | ФКУ «КП № 9 УФСИН по Владимирской области»","Полевая улица, 36, деревня Чудиново, Владимирская область, 601435","56.240338,42.066384"
"ФКУ СИЗО-1 УФСИН России по Владимирской области | Владимирская область","ул. 9 Января, 5 A, Владимир, Владимирская обл., Россия, 600021","56.125737,40.375168"
"ФКУ СИЗО-3 УФСИН России по Владимирской области | Владимирская область","п.Труда, д.1, Кольчугино, Владимирская обл., Россия, 601785","56.298429,39.397958"
"Владимир | ФКУ «Тюрьма № 2 УФСИН по Владимирской области» «Владимирский централ»","Большая Нижегородская ул., 67, Владимир, Владимирская обл., Россия, 600020","56.141104,40.434296"
"Волгоградская психиатрическая больница (стационар) специализированного типа","ул Микрорайон, зд. 22а, с Дворянское, Волгоградская область, 403843","50.240653,45.286646"
"Волгоград | ФКУ ИК № 9 УФСИН России по Волгоградской области","ул. Костюченко, 12, Волгоград, Волгоградская обл., Россия, 400058","48.839108,44.557934"
"Волжский | ФКУ ИК № 12 УФСИН России по Волгоградской области","ул. Александрова, 86, Волжский, Волгоградская обл., Россия, 404117","48.823981,44.86584"
"Суровикино | ФКУ ИК № 19 УФСИН России по Волгоградской области","ул. Орджоникидзе, 99, Суровикино, Волгоградская обл., Россия, 404412","48.6089,42.876899"
"Волгоград | ФКУ ИК № 26 УФСИН России по Волгоградской области","ул. Довженко, 34, Волгоград, Волгоградская обл., Россия, 400080","48.485382,44.59123"
"Ленинск | ФКУ ИК № 28 УФСИН России по Волгоградской области","ул. Промышленная, д. 12, г. Ленинск, Волгоградская обл., Россия, 404621","48.70441,45.190023"
"Волгоград | ФКУ КП № 3 УФСИН России по Волгоградской области","Промысловая ул., 24, Волгоград, Волгоградская обл., Россия, 400032","48.552873,44.462292"
"Ленинск | ФКУ КП № 27 УФСИН России по Волгоградской области","Промышленная улица, 24, Ленинск, Волгоградская область, 404620","48.70441,45.190023"
"Урюпинск | ФКУ ЛИУ № 23 УФСИН России по Волгоградской области","микрорайон Гора Восточная, 151, Урюпинск, Волгоградская область, 403120","50.800825,42.033986"
"ФКУ СИЗО-1 УФСИН России по Волгоградской области | Волгоградская область","Голубинская ул., 3, Волгоград, Волгоградская обл., Россия, 400066","48.711787,44.501221"
"ФКУ СИЗО-3 УФСИН России по Волгоградской области | Волгоградская область","ул. Хлеборобная д. 107/1, г. Фролово, Волгоградская обл., Россия, 403532","49.77417,43.683535"
"ФКУ СИЗО-4 УФСИН России по Волгоградской области | Волгоградская область","ул. Довженко, 34Б, Волгоград, Волгоградская обл., Россия, 400080","48.485462,44.591121"
"ФКУ СИЗО-5 УФСИН России по Волгоградской области | Волгоградская область","ул. Промышленная, 12, Ленинск, Волгоградская обл., Россия, 404621","48.70441,45.190023"
"Вологда | ФКУ «ИК № 1 УФСИН России по Вологодской области»","ул. Левичева, 1/А, Вологда, Вологодская обл., Россия, 160012","59.20727,39.915572"
"д. Княгинино | ФКУ «ИК № 2 УФСИН России по Вологодской области»","д. Княгинино, д. 16, Вологодская область, 160503","59.870671,40.655541"
"д. Остров Сладкий | ФКУ «ИК № 5 УФСИН России по Вологодской области» «Вологодский пятак»","остров Огненный, д. 16, дер. Остров Сладкий, Вологодская обл., Россия, 161222","59.954005,37.237809"
"п. Шексна | ФКУ «ИК № 12 УФСИН России по Вологодской области»","ул. Шоссейная, Шексна, Вологодская обл., Россия, 162562","59.223108,38.511027"
"п. Шексна | ФКУ «ИК № 17 УФСИН России по Вологодской области»","улица Дзержинского, 6, рабочий посёлок Шексна, Вологодская область, 162560","59.200578,38.476289"
"Устюжна | ФКУ «ИК № 20 УФСИН России по Вологодской области»","ул. Карла Маркса, 57, Устюжна, Вологодская обл., Россия, 162840","58.840201,36.452366"
"п. Суда | ФКУ «КП № 7 УФСИН России по Вологодской области»","ул. Заря д. 11, п. Суда, Череповецкий р-н, Вологодская область, 162700","59.1526,37.562463"
"ФКУ СИЗО-2 УФСИН России по Вологодской области | Вологодская область","Трудовая ул., 2, Вологда, Вологодская обл., Россия, 160019","59.235751,39.898685"
"ФКУ СИЗО-3 УФСИН России по Вологодской области | Вологодская область","Северное ш., 67В, Череповец, Вологодская обл., Россия, 163624","59.155669,37.796626"
"Вологда | ФКЛПУ «МБ № 10 УФСИН России по Вологодской области»","Советский проспект, 73, Вологда, Вологодская обл., Россия, 160012","59.206683,39.916354"
"Воронеж | ФКУ «ИК № 2 УФСИН по Воронежской области»","ул. 3-го Интернационала, д. 17, г. Воронеж, Воронежская обл., Россия, 394030","51.419276,39.612375"
"Россошь | ФКУ «ИК № 8 УФСИН по Воронежской области»","ул. Кирпичный завод, д. 5, г. Россошь, Воронежская обл., Россия, 396653","50.177395,39.620061"
"п. Перелешино | ФКУ «КП № 10 УФСИН по Воронежской области»","ул. Мира, д. 71А, пос. Перелешино, Воронежская обл., Россия, 396180","51.738638,40.134866"
"ФКУ СИЗО-1 УФСИН России по Воронежской области | Воронежская область","ул. Желябова, 56, Воронеж, Воронежская обл., Россия, 394030","51.674834,39.187593"
"ФКУ СИЗО-3 УФСИН России по Воронежской области | Воронежская область","ул. Антокольского, 6, Воронеж, Воронежская обл., Россия, 394062","51.660893,39.126242"
"Кизилюрт | ФКУ «КП № 9 УФСИН России по Республике Дагестан»","ул. им. Газимагомеда, д. 145, г. Кизилюрт, Республика Дагестан, Россия, 368122","43.208782,46.88023"
"ФКУ СИЗО-1 УФСИН России по Республике Дагестан | Республика Дагестан","ул. Левина, 45, Махачкала, Респ. Дагестан, Россия, 367023","42.98772,47.495515"
"ФКУ СИЗО-3 УФСИН России по Республике Дагестан | Республика Дагестан","Батаюртовское шоссе, д. 4, г. Хасавюрт, респ. Дагестан, Россия, 368000","43.261098,46.593068"
"ФКУ СИЗО-1 ГУФСИН России по Донецкой Народной Республике | Оккупированная территория Донецкой области","ул. Кобозева, д. 4, г. Донецк, Донецкая народная республика, 283086","47.985999,37.802411"
"Биробиджан | ФКУ «Биробиджанская ВК УФСИН России по ЕАО»","Аремовский пер., 10, Биробиджан, Еврейская автономная область, Россия, 679002","48.788957,132.906925"
"ФКУ СИЗО-1 УФСИН России по Еврейской автономной области | Еврейская автономная область","улица Карла Маркса, 4, Биробиджан, Еврейская автономная область, 679005","48.786332,132.898522"
"Чита | ФКУ «ИК № 3 УФСИН России по Забайкальскому краю»","ул. Угданский проезд, 61, г. Чита, Забайкальский край, 672000","52.066624,113.401127"
"Чита | ФКУ «ИК № 5 УФСИН России по Забайкальскому краю»","ул. Александра Липова, 5, Чита, Забайкальский край, Россия, 672015","52.006015,113.556346"
"пгт. Оловянная | ФКУ «ИК № 7 УФСИН России по Забайкальскому краю»","ул. Дзержинского, 13а, п. Оловянная, Забайкальский край, Россия, 674500","50.947809,115.58256"
"п. Карымское | ФКУ «ИК № 8 УФСИН России по Забайкальскому краю»","ул. Красноармейская д. 10, пос. Карымское, Забайкальский край, 673300","51.626257,114.349565"
"Краснокаменск | ФКУ «ИК № 10 УФСИН России по Забайкальскому краю»","тер ИК-10, г. Краснокаменск, Забайкальский край, 674674","50.088682,118.028477"
"ФКУ СИЗО-1 УФСИН России по Забайкальскому краю | Забайкальский край","Ингодинская ул., 1, Чита, Забайкальский край, Россия, 672010","52.02344,113.522366"
"ФКУ СИЗО-2 УФСИН России по Забайкальскому краю | Забайкальский край","тер Ик-10, стр. 16, г. Краснокаменск, Забайкальский край, 674674","50.088682,118.028477"
"с. Талицы | ФКУ «ИК № 2 УФСИН по Ивановской области»","Техническая ул., д. 21 , село Талицы, Ивановская область, 155644","56.528803,42.329574"
"Кинешма | ФКУ «ИК № 3 УФСИН по Ивановской области»","Шуйская ул., д.1, город Кинешма, Ивановская область, 155815","57.445725,42.098684"
"с. Талицы | ФКУ «ИК № 6 УФСИН по Ивановской области»","Школьная ул., д. 10, село Талицы, Ивановская область, 155644","56.665064,42.423615"
"с. Шилекша | ФКУ «КП № 12 УФСИН по Ивановской области»","Центральная ул., д. 32, с. Шилекша, Кинешемский район, Ивановская область, Россия, 155828","57.177284,42.528094"
"ФКУ СИЗО-1 УФСИН России по Ивановской области | Ивановская область","ул. Болотная, 2, Иваново, Ивановская обл., Россия, 153000","57.02687,40.962009"
"ФКУ СИЗО-2 УФСИН России по Ивановской области | Ивановская область","Шуйская ул., д. 4, г. Кинешма, Ивановская область, Россия, 155815","57.44451,42.095518"
"ФКУ СИЗО-1 ОФСИН России по Республике Ингушетия | Республика Ингушетия","Карабулакская ул, влд. 1, город Карабулак, Республика Ингушетия, 386231","43.3101,44.904742"
"Ангарск | ФКУ «ИК № 2 ГУФСИН России по Иркутской области»","кв-л 47 (Первый Промышленный Массив Тер.), стр. 6, город Ангарск, Иркутская область, 665800","52.595922,103.901908"
"п. Плишкино | ФКУ «ИК № 4 ГУФСИН России по Иркутской области»","поселок Плишкино, Иркутская область, 664019","52.345,104.4875"
"п. Бозой | ФКУ ИК № 11 ГУФСИН России по Иркутской области","Электровозная ул., Копейск, Челябинская обл., Россия, 456656","55.095546,61.552319"
"Ангарск | ФКУ «ИК № 14 ГУФСИН России по Иркутской области»","Промзона АНХК, 9, стр. 10/1, Ангарск, Иркутская обл., Россия, 665800","52.563513,103.914518"
"Ангарск | ФКУ «ИК № 15 ГУФСИН России по Иркутской области»","2-й Проммасив ул., 41, корп. квартал, 40/2, Ангарск, Иркутская обл., Россия, 665800","52.51557,103.91716"
"п. Маркова | ФКУ «ИК № 19 ГУФСИН России по Иркутской области»","ул. Промышленная, строение 81, Маркова, Иркутская обл., Россия, 664528","52.238717,104.195149"
"п. Плишкино | ФКУ «КП № 51 ГУФСИН России по Иркутской области»","поселок Плишкино, Иркутская область, 664019","52.345,104.4875"
"ФКУ СИЗО-1 ГУФСИН России по Иркутской области | Иркутская область","ул. Баррикад, 63, Иркутск, Иркутская обл., Россия, 664001","52.294253,104.310703"
"ФКУ СИЗО-2 ГУФСИН России по Иркутской области | Иркутская область","ул Прибрежная (Чекановский П/Р), д. 49, город Братск, Иркутская область, 665710","56.155217,101.463104"
"ФКУ СИЗО-5 ГУФСИН России по Иркутской области | Иркутская область","ул. Лыткина, д.66, город Тулун, Иркутская область, 665268","54.572435,100.573612"
"ФКУ СИЗО-6 ГУФСИН России по Иркутской области | Иркутская область","кв-л 10 (Первый Промышленный Массив Тер.), стр. 3, город Ангарск, Иркутская область, 665830","52.612588,103.916397"
"п. Каменка | ФКУ «ИК № 1 УФСИН России по КБР»","ул. Им Мизиева Далхата Адрайевича, д.1, село Каменка, Кабардино-Балкарская Республика, 361423","43.53322,43.517623"
"Иркутск | ФКУ «ИК № 3 ГУФСИН России по Иркутской области»","ул Писарева, д. 13, город Иркутск, Иркутская область, 664019","52.294807,104.324571"
"с. Советское | ФКУ «ИК № 4 УФСИН России по КБР»","ул. Угнич, д.10, село Советское, Кабардино-Балкарская Республика, 361029","43.756318,43.768299"
"ФКУ СИЗО-1 УФСИН России по Кабардино-Балкарской Республике | Кабардино-Балкарская Республика","ул. Вологирова, д.20, город Нальчик, Кабардино-Балкарская Республика, 360051","43.480575,43.61552"
"Калининград | ФКУ «ИК № 8 УФСИН России по Калининградской области»","пр-т Победы, 205, Калининград, Калининградская обл., Россия, 236010","54.711544,20.427829"
"ФКУ СИЗО-1 УФСИН России по Калининградской области | Калининградская область","ул Ушакова, д. 2, город Калининград,  Калининградская область, 236022","54.720837,20.495958"
"ФКУ СИЗО-2 УФСИН России по Калининградской области | Калининградская область","Пригородная ул., д.2 к.а, город Черняховск, Калининградская область, 238151","54.645583,21.811236"
"Элиста | ФКУ ИК № 1 УФСИН России по Республике Калмыкия","Северный кв-л, д.10, город Элиста, Республика Калмыкия, 358007","46.324282,44.255229"
"п. Яшкуль | ФКУ КП № 3 УФСИН России по Республике Калмыкия","поселок Вахтовый, Республика Калмыкия, 359162","45.947851,45.190528"
"ФКУ СИЗО-1 УФСИН России по Республике Калмыкия | Республика Калмыкия","жилой квартал ""северный"" дом 9, город Элиста, Республика Калмыкия, 358000","46.279411,44.268006"
"Сухиничи | ФКУ «ИК № 5 УФСИН по Калужской области»","город Сухиничи, Калужская область, 249275","54.092596,35.349821"
"Калуга | ФКУ «КП № 6 УФСИН по Калужской области»","Николо-Козинская ул., 129, Калуга, Калужская обл., Россия, 248002","54.499596,36.276938"
"ФКУ СИЗО-1 УФСИН России по Калужской области | Калужская область","Николо-Козинская ул., 110А, Калуга, Калужская обл., Россия, 248002","54.500668,36.275783"
"Петропавловск-Камчатский | ФКУ «ИК № 5 УФСИН России по Камчатскому краю»","ул. 683007, Вулканная ул., 70, Петропавловск-Камчатский, Камчатский край, Россия, 683007","53.084064,158.631578"
"Елизово | ФКУ «ИК № 6 УФСИН России по Камчатскому краю»","Карьерная ул., 3, Елизово, Камчатский край, Россия, 684000","53.172262,158.39802"
"ФКУ СИЗО-1 УФСИН России по Камчатскому краю | Камчатский край","Строительная ул., 125, Петропавловск-Камчатский, Камчатский край, Россия, 683015","52.963152,158.709722"
"ФКУ СИЗО-1 ОФСИН России по Карачаево-Черкесской Республике (по республике Карачаево-Черкесия) | Карачаево-Черкесская Республика","ул. Первомайская д. 1, г. Черкесск, Карачаево-Черкесия, 369000","44.227392, 42.042961"
"пос. Надвоицы | ФКУ «ИК № 1 УФСИН России по Республике Карелия»","Карельская ул, д. 18, поселок городского типа Надвоицы, Республика Карелия, 186430","63.89019,34.253992"
"Сегежа | ФКУ «ИК № 7 УФСИН России по РК»","Лейгубская ул, город Сегежа, Республика Карелия, 186420","63.77132,34.29809"
"Петрозаводск | ФКУ «ИК № 9 УФСИН России по РК»","р-н Птицефабрика, город Петрозаводск, Республика Карелия, 185012","61.726382,34.438795"
"ФКУ СИЗО-1 УФСИН России по Республике Карелия | Республика Карелия","ул Герцена (Центр Р-Н), д. 47, город Петрозаводск, Республика Карелия, 185035 ","61.785986,34.361397"
"ФКУ СИЗО-2 УФСИН России по Республике Карелия | Республика Карелия","Лейгубская ул, город Сегежа, Республика Карелия, 186420","63.77132,34.29809"
"Кемерово | ФКУ «ИК № 5 ГУФСИН России по Кемеровской области»","ул. Буденного, 48, Кемерово, Кемеровская обл., Россия, 650004","55.329258,86.101689"
"д. Мозжуха | ФКУ «ИК № 22 ГУФСИН России по Кемеровской области»","Трудовая ул., д. 13, деревня Мозжуха, Кемеровская область, 650516","55.429257,85.914018"
"Кемерово | ФКУ «ИК № 29 ГУФСИН России по Кемеровской области»","ул. Стройгородок, город Кемерово, Кемеровская область, 650068","55.412967,86.039456"
"Кемерово | ФКУ «ИК № 40 ГУФСИН России по Кемеровской области»","Волгоградская ул., к. 60а, г. Кемерово, Кемеровская область, Россия, 650036","55.322813,86.174633"
"Юрга | ФКУ «ИК № 41 ГУФСИН России по Кемеровской области»","Окрайная ул, д. 1, город Юрга, Кемеровская область, 652051","55.705185,84.839442"
"Белово | ФКУ «ИК № 44 ГУФСИН России по Кемеровской области»","Аэродромная ул., д. 2 к. б, город Белово, Кемеровская область, 652600","54.450477,86.315754"
"Юрга | ФКУ «ИК № 50 ГУФСИН России по Кемеровской области»","Шоссейная ул., д.2, город Юрга, Кемеровская область, 652055","55.73875,84.929209"
"ЛИУ-16 Кемеровской области","ул. Левашова, д. 42, к. а, г. Новокузнецк, Кемеровская область, Россия, 654101","53.728063,87.246023"
"Ленинск-Кузнецкий | ФКУ «ЛИУ № 42 ГУФСИН России по Кемеровской области»","тер Северная промзона, д. 15, город Ленинск-Кузнецкий, Кемеровская область, 652523","54.736477,86.192245"
"ФКУ СИЗО-1 УФСИН России по Кемеровской области | Кемеровская область","просп. Кузнецкий, 174, Кемерово, Кемеровская обл., Россия, 650051","55.326448,86.056579"
"ФКУ СИЗО-2 ГУФСИН России по Кемеровской области | Кемеровская область","ул. Полосухина, 3, Новокузнецк, Кемеровская обл., Россия, 654034","53.767003,87.186856"
"ФКУ СИЗО-3 ГУФСИН России по Кемеровской области | Кемеровская область","ул. Пальчикова, 16, Мариинск, Кемеровская обл., Россия, 652154","56.215681,87.728071"
"ФКУ СИЗО-4 ГУФСИН России по Кемеровской области | Кемеровская область","ул. Чекистов, 1, Пгт.Бачатский, Кемеровская обл., Россия, 652476","56.092839,86.070932"
"Кирово-Чепецк | ФКУ «ИК № 5 УФСИН России по Кировской области»","Овражная ул., 16, Кирово-Чепецк, Кировская обл., Россия, 613049","58.560717,50.022308"
"пгт. Восточный | ФКУ «ИК № 6 УФСИН России по Кировской области»","тер. Дорога Восточный-Филипповка, д. 2 стр. 1, Кировская область, 612711","58.788046,52.243336"
"п. Северный | ФКУ «ИК № 9 УФСИН России по Кировской области»","поселок Северный, Кировская область, 613825","59.878763,47.805132"
"Кирово-Чепецк | ФКУ «ИК № 11 УФСИН России по Кировской области»","дер. Утробино, г. Кирово-Чепецк, Кировская обл., Россия, 613035","58.532912,50.087519"
"Омутнинск | ФКУ «ИК № 17 УФСИН России по Кировской области»","ул. Трудовых Резервов, д.125, город Омутнинск, Кировская область, 612744","58.694588,52.220301"
"пгт. Лесной | ФКУ ИК № 27 УФСИН России по Кировской области","ул. Центральная, д. 5, пгт Лесной, Кировская обл., Россия, 612815","59.781641,52.127044"
"пгт. Лесной | ФКУ «ОИК № 5 УФСИН России по Кировской области»","пос. Сорда, Кировская обл., Россия, 612805","59.718441,52.264339"
"Кирово-Чепецк | ФКУ «КП № 21 УФСИН России по Кировской области»","пр-д Западный, г. Кирово-Чепецк, Кировская обл., Россия, 613040","58.533159,49.962722"
"пгт. Лесной | ФКУ «ОИК № 4 УФСИН России по Кировской области»","ул. Центральная д. 5, пос. Заречный, Кировская область, 612815","59.81079,52.05844"
"пгт. Лесной | ФКУ «ОИК № 5 УФСИН России по Кировской области»","ул. Ленина д. 14, пгт. Лесной, Кировская область, 612815","59.781372,52.12563"
"Кирово-Чепецк | ФКУ «ЛИУ № 12 УФСИН России по Кировской области»","город Кирово-Чепецк, Кировская область, 613040","58.550197,50.016481"
"ФКУ СИЗО-1 УФСИН России по Кировской области | Кировская область","ул. Мопра, 1, Киров, Кировская обл., Россия, 610004","58.610866,49.685061"
"ФКУ СИЗО-2 УФСИН России по Кировской области | Кировская область","ул. Нагорная, 22, Киров, Кировская обл., Россия, 610007","58.576532,49.676785"
"Ухта | ФКУ «ИК № 19 УФСИН России по Республике Коми»","Промышленная ул, д. 4, город Ухта, Республика Коми, 169306","63.673904,53.758624"
"Сыктывкар | ФКУ ИК № 25 УФСИН России по Республике Коми","мкр. Верхний Чов, д.44 , город Сыктывкар, Республика Коми, 167028","61.743012,50.707396"
"Микунь | ФКУ «ИК № 31 УФСИН России по Республике Коми»","ул. Восточная, д. 39, г. Микунь, Республика Коми, Россия, 169060","62.356506,50.076243"
"ФКУ СИЗО-1 УФСИН России по Республике Коми | Республика Коми","мкр. Верхний Чов, д. 99, г. Сыктывкар, Республика Коми, Россия, 167028","61.743012,50.707396"
"ФКУ СИЗО-2 УФСИН России по Республике Коми | Республика Коми","поселок Лыаёль д. 13, г. Сосногорск, Республика Коми, Россия, 169500","63.558241,53.906189"
"Ухта | ФКЛПУ «Б № 18 УФСИН России по Республике Коми»","ул. Транспортная, д. 29А, г. Ухта, Республика Коми, Россия, 169300","63.550537,53.666331"
"Кострома | ФКУ «ИК № 1 УФСИН России по Костромской области»","ул. Петра Щербины, д. 21, г. Кострома, Россия, 156023","57.756742,41.006224"
"пгт Поназырево | ФКУ «ИК № 2 УФСИН России по Костромской области»","ул. Новая, д. 6А, пос. Поназырево, Костромская область, Россия, 157580","58.3567,46.3155"
"п. Прибрежный | ФКУ «ИК № 3 УФСИН России по Костромской области»","ул. Мира, д. 1, пос. Прибрежный, Костромская область, Россия, 156511","57.8965,40.878088"
"п. Островское | ФКУ «ИК № 4 УФСИН России по Костромской области»","ул. Советская д. 111, пос. Островское, Костромская область, 157900","57.788971, 42.221771"
"п. Бычиха-12 | ФКУ «ИК № 7 УФСИН России по Костромской области»","Костромской район, поселок Бычиха-12, Костромская область, Россия, 156000","57.976406,41.146593"
"Кострома | ФКУ «ИК № 8 УФСИН России по Костромской области»","Васильевское п, город Кострома, Костромская область, Россия, 156009","57.723801,40.982723"
"ФКУ СИЗО-1 УФСИН России по Костромской области | Костромская область","Советская ул., д.88, город Кострома, Костромская область, Россия, 156005","57.754904,40.948436"
"п. Двубратский | п. Двубратский | ФКУ ИК-2 УФСИН России по Краснодарскому Краю","ул. Мостовая, д. 1, пос. Двубратский, Усть-Лабинский район, Краснодарский край, Россия, 352310","45.265628,39.785205"
"п. Двубратский | п. Двубратский | ФКУ ИК-3 УФСИН России по Краснодарскому Краю","ул. Степная, пос. Двубратский, Усть-Лабинский район, Краснодарский край, Россия, 352310","45.30843,39.906804"
"Апшеронск | п. Апшеронск | ФКУ ИК-5 УФСИН России по Краснодарскому Краю","ул. Советская, д. 175, г. Апшеронск, Краснодарский край, Россия, 352693","44.498298,39.73986"
"п. Двубратский | п. Двубратский | ФКУ ИК-6 УФСИН России по Краснодарскому Краю","ул. Степная, д. 1, пос. Двубратский, Усть-Лабинский район, Краснодарский край, Россия, 352310","45.367672,39.680802"
"Хадыженск | Хадыженск | ФКУ ИК-9 УФСИН России по Краснодарскому Краю","ул. Грибоедова, д. 42, г. Хадыженск, Апшеронский район, Краснодарский край, Россия, 352671","44.409509,39.527864"
"п. Ахтарский | п. Ахтарский | ФКУ ИК-11 УФСИН России по Краснодарскому краю","ул. Азовская, д. 4, пос. Ахтарский, Приморско-Ахтарский район, Краснодарский край, Россия, 353892","46.005935,38.355541"
"Краснодар | Краснодар | ФКУ ИК-14 УФСИН России по Краснодарскому Краю","ул. Калинина, д. 58, г. Краснодар, Краснодарский край, Россия, 350039","45.055332,38.862068"
"Новороссийск | ФКУ «КП № 10 УФСИН России по Краснодарскому Краю»","Сухумское шоссе, д. 78, г. Новороссийск, Краснодарский край, Россия, 353902","44.731223,37.812797"
"ФКУ СИЗО-1 УФСИН России по Краснодарскому краю | Краснодарский край","ул. Воронежская, д. 42, г. Краснодар, Краснодарский край, Россия, 350001","45.006449,39.015713"
"ФКУ СИЗО-2 ГУФСИН России по Краснодарскому краю | Краснодарский край","ул Пугачева, д. 32, город Армавир, Краснодарский край, Россия, 352909","44.992319,41.145012"
"ФКУ СИЗО-3 УФСИН России по Краснодарскому краю | Краснодарский край","ул. Пархоменко, д. 33, г. Новороссийск, Краснодарский край, Россия, 353905","44.708587,37.777659"
"ФКУ СИЗО-5 ФСИН России | Краснодарский край","Красноармейская ул., д.22, город Краснодар, Краснодарский край, Россия, 350063","45.0199,38.971392"
"Красноярск | ФКУ «ИК № 6 ГУФСИН России по Красноярскому краю»","ул. Парашютная, 3, г. Красноярск, Красноярский край, 660079","55.976524, 92.860387"
"с. Арейское | ФКУ «ИК № 7 ГУФСИН России по Красноярскому краю»","Солнечная ул, д. 1 стр. 1, Емельяновский район, село Арейское, Красноярский край, Россия, 663011","56.106557,92.15904"
"п. Громадск | ФКУ «ИК № 16 ГУФСИН России по Красноярскому краю»","Железнодорожная ул., д. 2 стр. а, Уярский район, поселок Громадск, Красноярский край, Россия, 663913","55.897499,94.407578"
"Красноярск | ФКУ «ИК № 17 ГУФСИН России по Красноярскому краю»","Кразовская ул, д. 12, город Красноярск, Красноярский край, Россия, 660111","56.107363,93.041517"
"Красноярск | ФКУ «ИК № 22 ГУФСИН России по Красноярскому краю»","Парашютная ул, зд. 13, город Красноярск, Красноярский край, Россия, 660121","55.975512,92.871154"
"Красноярск | ФКУ «ИК № 31 ГУФСИН России по Красноярскому краю»","Кразовская ул., д.10, город Красноярск, Красноярский край, Россия, 660111","56.109835,93.028546"
"Сосновоборск | ФКУ «ОИК № 40 ГУФСИН России по Красноярскому краю»","ул. Заводская, д. 5, а/я 214, г. Сосновоборск, Красноярский край, Россия, 662500","56.145918,93.366287"
"Красноярск | ФКЛПУ «КТБ № 1 ГУФСИН России по Красноярскому краю»","ул. Маерчака, д. 48, город Красноярск, Красноярский край, Россия, 660048","56.042659,92.841183"
"Канск | ФКУ «Канская ВК ГУФСИН России по Красноярскому краю»","ул. Красной Армии, д.1, город Канск, Красноярский край, Россия, 663600","56.214303,95.68854"
"ФКУ СИЗО-1 ГУФСИН России по Красноярскому краю | Красноярский край","ул. Республики, д. 72, город Красноярск, Красноярский край, Россия, 660075","56.016407,92.840616"
"ФКУ СИЗО-3 ГУФСИН России по Красноярскому краю | Красноярский край","ул. Слободчикова, д. 2, город Ачинск, Красноярский край, Россия, 662165","56.283935,90.501976"
"ФКУ СИЗО-4 ГУФСИН России по Красноярскому краю | Красноярский край","Октябрьская ул., д. 13а, город Норильск, Красноярский край, Россия, 663316","69.32159,88.204693"
"ФКУ СИЗО-5 ГУФСИН России по Красноярскому краю | Красноярский край","Кайтымская ул., д. 122, город Канск, Красноярский край, Россия, 663600","56.213548,95.689135"
"ФКУ СИЗО-6 ГУФСИН России по Красноярскому краю | Красноярский край","ул Производственная зона, к. 1, город Сосновоборск, Красноярский край, Россия, 662500","56.121614,93.34745"
"Минусинск | ФКУ «Тюрьма ГУФСИН России по Красноярскому краю»","ул. М.Горького, д.114, город Минусинск, Красноярский край, Россия, 662608","53.778845,91.721079"
"Енисейск | ФКУ «Т № 2 ГУФСИН России по Красноярскому краю»","ул Декабристов, д. 11, город Енисейск, Красноярский край, Россия, 663181","58.447671,92.154513"
"Симферополь | ФКУ «ИК № 1 УФСИН по Республике Крым и г. Севастополю»","Элеваторный пер, д. 4, г Симферополь, Республика Крым, Россия, 295051","44.940891,34.066771"
"Керчь | ФКУ «ИК № 2 УФСИН по Республике Крым и г. Севастополю»","Индустриальное ш., д. 17, город Керчь, Республика Крым, Россия, 298330","45.357314,36.468293"
"Керчь | ФКУ «КП № 1 УФСИН по Республике Крым и г. Севастополю»","ул. Кирова, д. 75, город Керчь, Республика Крым, Россия, 298318","45.357314,36.468293"
"ФКУ СИЗО-1 УФСИН России по Республике Крым и г. Севастополь | Оккупированная территория Республики Крым","бульвар Ленина, д. 4, г. Симферополь, Республика Крым, Россия, 295006","44.958562,34.08731"
"ФКУ СИЗО-2 УФСИН России по Республике Крым и г. Севастополю | Оккупированная территория Республики Крым","Элеваторный переулок, д. 4, г. Симферополь, Республика Крым, Россия, 295051 ","44.940891,34.066771"
"Курган | ФКУ «ИК № 1 УФСИН России по Курганской области»","2-я Часовая ул, д. 40, город Курган, Курганская область, Россия, 640008","55.436362,65.25334"
"с. Просвет | ФКУ «ИК № 2 УФСИН России по Курганской области»","Заводская ул., д.1, Кетовский район, село Просвет, Курганская область, Россия, 641330","55.472816,65.096348"
"с. Иковка | ФКУ «ИК № 6 УФСИН России по Курганской области»","Кетовский район, село Иковка, Курганская область, Россия, 641316","55.600821,64.943146"
"п. Юргамыш | ФКУ «ИК № 7 УФСИН России по Курганской области»","ул. Труда, д. 147, р.п. Юргамыш, Юргамышский район, Курганская область, Россия, 641200","55.379521,64.481571"
"Курган | ФКУ «КП № 5 УФСИН России по Курганской области»","2-я Часовая ул., д. 48а, город Курган, Курганская область, Россия, 640008","55.440159,65.25681"
"Курган | ФКУ «ЛИУ № 3 УФСИН России по Курганской области»","2-я Часовая ул, д. 48б, город Курган, Курганская область, Россия, 640008","55.440034,65.255212"
"ФКУ СИЗО-1 УФСИН России по Курганской области | Курганская область","2-я Часовая ул, д. 46, город Курган, Курганская область, Россия, 640008","55.439549,65.252517"
"Льгов | ФКУ «ИК № 3 УФСИН России по Курской области»","ул. Примакова, д. 23а;, город Льгов, Курская область, Россия, 307754","51.688209,35.266833"
"Курск | ФКУ «ИК № 9 УФСИН России по Курской области»","п Косиново, д. 2а, город Курск, Курская область, Россия, 305014","51.798044,36.164506"
"ФКУ СИЗО-1 УФСИН России по Курской области | Курская область","ул. Пирогова, д.1, город Курск, Курская область, Россия, 305016","51.723262,36.159737"
"Липецк | ФКУ «ИК № 2 УФСИН по Липецкой области»","ул. Ковалева, влд. 130б, город Липецк, Липецкая область, Россия, 398007","52.653584,39.630603"
"Липецк | ФКУ «ИК № 5 УФСИН по Липецкой области»","ул. Механизаторов, д.19а, город Липецк, Липецкая область, Россия, 398024","52.584033,39.568218"
"Липецк | ФКУ «ИК № 6 УФСИН по Липецкой области»","ул. Ковалева, влд. 130в, город Липецк, Липецкая область, Россия, 398007","52.653584,39.630603"
"ФКУ СИЗО-1 УФСИН России по Липецкой области | Липецкая область","ул. Ковалева, влд. 138, город Липецк, Липецкая область, Россия, 398007","52.653584,39.630603"
"Елец | ФКУ «Тюрьма № 2 УФСИН по Липецкой области»","Пролетарская ул, д. 1б, город Елец, Липецкая область, Россия, 399770","52.628113,38.481536"
"Магадан | ФКУ «ИК № 4 УФСИН России по Магаданской области»","Центральная ул., д. 3, город Магадан, поселок городского типа Уптар, Магаданская область, Россия, 685918","59.557203,150.824407"
"п. Сплавная | ФКУ «КП № 2 УФСИН России по Магаданской области»","Хасынский район, поселок Сплавная, Магаданская область, Россия, 685918","59.869227,150.579825"
"ФКУ СИЗО-1 УФСИН России по Магаданской области | Магаданская область","Гаражный пер., д.6-а, город Магадан, Магаданская область, Россия, 685000","59.55944,150.812754"
"Медведево | ФКУ «ИК № 3 УФСИН по Республике Марий Эл»","ул. Медведево, д.1, Медведевский район, поселок городского типа Медведево, Республика Марий Эл, Россия, 425200","56.631812,47.796781"
"п. Ясный | ФКУ «ИК № 5 УФСИН по Республике Марий Эл»","Ясная ул., д.3, Советский район, поселок Ясный, Республика Марий Эл, Россия, 425408","56.532648,48.460335"
"Йошкар-Ола | ФКУ «ИК № 6 УФСИН по Республике Марий Эл»","ул. Строителей, д.56 к.а, город Йошкар-Ола, Республика Марий Эл, Россия, 424007","56.630668,47.842208"
"ФКУ СИЗО-1 УФСИН России по Республике Марий Эл | Республика Марий Эл","Советская ул, д. 100, город Йошкар-Ола, Республика Марий Эл, Россия, 424000","56.632761,47.894903"
"п. Сосновка | ФКУ «ИК № 1 УФСИН России по РМ» «Мордовская зона»","ул. Почтовая, д. 8, пос. Сосновка, Зубово-Полянский район, Республика Мордовия, Россия, 431120","54.26903,42.882902"
"п. Явас | ФКУ «ИК № 2 УФСИН России по РМ»","ул. Чернореченская, д. 1, пос. Явас, Зубово-Полянский район, Республика Мордовия, Россия, 431160","54.418791,42.85698"
"п. Леплей | ФКУ «ИК № 5 УФСИН России по РМ»","пер. Песочный, д. 1, пос. Леплей, Зубово-Полянский район, Республика Мордовия, Россия, 431130","54.309742,42.856175"
"п. Торбеево | ФКУ «ИК № 6 УФСИН России по Республике Мордовия» (Торбеевский централ)","ул. Весенняя, д. 50, пос. Торбеево, Торбеевский район, Республика Мордовия, Россия, 431030","54.072067,43.246273"
"п. Сосновка | ФКУ «ИК № 7 УФСИН России по Республике Мордовия»","Центральная ул, д. 2, Зубово-Полянский р-н, п Сосновка, Республика Мордовия, Россия, 431120","54.302154,42.672669"
"п. Молочница | ФКУ «ИК № 12 УФСИН России по РМ»","431101, Россия, респ. Мордовия, Зубово-Полянский р-н, пос. Молочница, ул. Новая, д. 2","54.238073,42.878429"
"п. Парца | ФКУ «ИК № 13 УФСИН России по РМ»","ул. Центральная, д. 6А, пос. Парца, Зубово-Полянский район, Республика Мордовия, Россия, 431150","54.366969,42.858246"
"п. Парца | ФКУ ИК № 14 УФСИН России по Республике Мордовия","ул. Лесная, д. 7, пос. Парца, Зубово-Полянский район, Республика Мордовия, Россия, 431150","54.366969,42.858246"
"п. Озерный | ФКУ «ИК № 17 УФСИН России по РМ»","ул. Лесная, д. 3, пос. Озерный, Зубово-Полянский район, Республика Мордовия, Россия, 431161","54.408361,42.695517"
"Потьма | ФКУ «ИК № 18 УФСИН России по РМ»","ул. Красноармейская, д. 10, пос. Потьма, Зубово-Полянский район, Республика Мордовия, Россия, 431100","54.11633,42.905273"
"п. Леплей | ФКУ «ИК № 22 УФСИН России по Республике Мордовия»","Зубово-Полянский район, поселок Леплей, Республика Мордовия, Россия, 431130","54.309742,42.856175"
"п. Барашево | ФКУ «ЛИУ № 3 УФСИН России по РМ»","ул. Штабная, д. 1, пос. Барашево, Теньгушевский район, Республика Мордовия, Россия, 431200","54.535785,42.880434"
"ФКУ СИЗО-1 УФСИН России по Республике Мордовия | Республика Мордовия","Рабочая ул, д. 147, город Саранск, Республика Мордовия, Россия, 430003","54.195954,45.193715"
"ФКУ СИЗО-2 УФСИН России по Республике Мордовия | Республика Мордовия","пл. Дмитрова, д. 1, город Рузаевка, Республика Мордовия, Россия, 431448","54.056741,44.986337"
"п. Новое Гришино | ФКУ «ИК № 1 УФСИН по Московской области»","п. Новое Гришино, Дмитровский район, Московская область, Россия, 141862","56.197451,37.644188"
"п. имени Дзержинского | ФКУ «ИК № 5 УФСИН по Московской области»","пос. им. Дзержинского, д. 1, Можайский район, Московская область, Россия, 143202","55.507963,36.063243"
"Коломна | ФКУ «ИК № 6 УФСИН по Московской области»","проезд Колычевский, д. 6, г. Коломна, Московская область, Россия, 140405","55.061456,38.738928"
"Электросталь | ФКУ «КП № 3 УФСИН по Московской области»","ул. Горького, д. 40, г. Электросталь, Московская область, Россия, 144007","55.772211,38.458886"
"ФКУ СИЗО-1 УФСИН России по Московской области | Московская область","ул. Толстовская, д. 5, г. Ногинск, Московская область, Россия, 142400","55.854935,38.436525"
"ФКУ СИЗО-2 УФСИН России по Московской области | Московская область","ул. Горвал, д. 7, г. Волоколамск, Московская область, Россия, 143600","56.039505,35.957432"
"ФКУ СИЗО-3 УФСИН России по Московской области | Московская область","ул. Калужская, д. 50/7, г. Серпухов, Московская область, Россия, 142200","54.910823,37.415002"
"ФКУ СИЗО-4 УФСИН России по Московской области | Московская область","ул. Комсомольская, д. 7, г. Можайск, Московская область, Россия, 143202","55.506726,36.017288"
"ФКУ СИЗО-5 УФСИН России по Московской области | Московская область","ул. Советская, д. 2, г. Кашира, Московская область, Россия, 142900","54.795821,38.265831"
"ФКУ СИЗО-6 УФСИН России по Московской области | Московская область","ул. Гражданская, д. 112, г. Коломна, Московская область, Россия, 140400","55.102916,38.748523"
"ФКУ СИЗО-7 УФСИН России по Московской области | Московская область","ул. Октябрьская, д. 20, г. Егорьевск, Московская область, Россия, 140300","55.388841,39.062378"
"ФКУ СИЗО-8 УФСИН России по Московской области | Московская область","проспект Красной Армии, д. 58, г. Сергиев Посад, Московская область, Россия, 141300","56.29928,38.129737"
"ФКУ СИЗО-10 УФСИН России по Московской области | Московская область","п. им. Дзержинского, Можайский район, Московская область, Россия, 143202","55.507963,36.063243"
"ФКУ СИЗО-11 УФСИН России по Московской области | Московская область","ул. 1-я Ревсобраний, д. 17, г. Ногинск, Московская область, Россия, 142400","55.860114,38.458788"
"пгт. Мурмаши | ФКУ «ИК № 16 УФСИН России по Мурманской области»","Зеленая ул., д.14 к.а, Кольский район, поселок городского типа Мурмаши, Мурманская область, Россия, 184355","68.810945,32.78831"
"Мурманск | ФКУ «ИК № 17 УФСИН России по Мурманской области»","ул. Угольная база, д. 9, город Мурманск, Мурманская область, Россия, 183035","69.008239,33.087863"
"пгт. Мурмаши | ФКУ «ИК № 18 УФСИН России по Мурманской области»","Зеленая ул., д.10, Кольский район, поселок городского типа Мурмаши, Мурманская область, Россия, 184355","68.840741,33.09335"
"Оленегорск | ФКУ «КП № 24 УФСИН России по Мурманской области»","город Оленегорск, Мурманская область, Россия, 184530","68.140492,33.270571"
"ФКУ СИЗО-1 УФСИН России по Мурманской области | Мурманская область","ул. Радищева, д.32, город Мурманск, Мурманская область, Россия, 183027","68.954308,33.109868"
"ФКУ СИЗО-2 УФСИН России по Мурманской области | Мурманская область","Трудовая ул, влд. 24а, город Апатиты, Мурманская область, Россия, 184209","67.56334,33.365884"
"Нижний Новгород | ФКУ «ИК № 2 ГУФСИН по Нижегородской области»","Коломенская ул, д. 20, город Нижний Новгород, Нижегородская область, Россия, 603041","56.23906,43.841989"
"п. Буреполом | ФКУ «ИК № 4 ГУФСИН России по Нижегородской области»","ул. Гагарина, д. 1, пос. Буреполом, Тоншаевский район, Нижегородская область, Россия, 606935","57.954781,47.359458"
"Нижний Новгород | ФКУ «ИК № 5 ГУФСИН России по Нижегородской области»","Ракетная ул., д.2д, город Нижний Новгород, Нижегородская область, Россия, 603108","56.302786,43.884388"
"п. Мирный | ФКУ «ИК № 6 ГУФСИН России по Нижегородской области»","ул. Садовая, д. 13, пос. Мирный, Варнавинский район, Нижегородская область, Россия, 606781","57.392696,45.07056"
"Дзержинск | ФКУ «ИК № 9 ГУФСИН России по Нижегородской области»","Автозаводское ш, д. 95б, город Дзержинск, Нижегородская область, Россия, 606000","56.241722,43.514011"
"Бор | ФКУ «ИК № 11 ГУФСИН России по Нижегородской области»","2-й мкр., д.1, город Бор, Нижегородская область, Россия, 606448","56.340219,44.123267"
"Семенов | ФКУ «ИК № 14 ГУФСИН России по Нижегородской области»","2-я Лесная ул., д. 1а;, город Семенов, рабочий поселок Сухобезводное, Нижегородская область, Россия, 606640","57.050206,44.916781"
"п. Пруды | ФКУ «ИК № 15 ГУФСИН России по Нижегородской области»","ул. Центральная, д. 22, пос. Пруды, Краснобаковский район, Нижегородская область, Россия, 606707","57.199405,44.787481"
"с. Просек | ФКУ «ИК № 16 ГУФСИН России по Нижегородской области»","Заводская ул., д. 50, Лысковский район, село Просек, Нижегородская область, Россия, 606246","56.10798,45.17579"
"п. Пруды | ФКУ «ИК № 17 ГУФСИН России по Нижегородской области»","ул. Сосновая, д. 6, пос. Пруды, Краснобаковский район, Нижегородская область, Россия, 606707","57.199405,44.787481"
"Лукоянов | ФКУ «ИК № 20 ГУФСИН России по Нижегородской области»","Заводская ул, д. 6, Лукояновский район, город Лукоянов, Нижегородская область, Россия, 607800","55.037538,44.427271"
"ФКУ СИЗО-1 ГУФСИН России по Нижегородской области | Нижегородская область","пр-кт Гагарина, д.26а;, город Нижний Новгород, Нижегородская область, Россия, 603098","56.298728,43.98526"
"ФКУ СИЗО-2 УФСИН России по Нижегородской области (Дружный) | Нижегородская область","пос. Дружный, Кстовский район, Нижегородская область, Россия, 607683","56.162139,43.913133"
"ФКУ СИЗО-3 ГУФСИН России по Нижегородской области | Нижегородская область","Центральная ул., д.17, Вадский район, сельский поселок Анненковский Карьер, Нижегородская область, Россия, 606396","55.466544,44.376304"
"Валдай | ФКУ «ИК № 4 УФСИН России по Новгородской области»","пр-кт Васильева, д. 84, Валдайский район, город Валдай, Новгородская область, Россия, 175400","57.987546,33.218815"
"п. Парфино | ФКУ «ИК № 9 УФСИН России по Новгородской области»","ул. Народная, зд. 9, р.п. Парфино, Парфинский муниципальный район, Новгородская область, Россия, 175130","57.967979,31.651525"
"п. Топорок | ФКУ «КП № 6 УФСИН России по Новгородской области»","ул Дзержинского, зд. 6б, Окуловский район, поселок Топорок, Новгородская область, Россия, 174345","58.553439,33.47658"
"ФКУ СИЗО-1 УФСИН России по Новгородской области | Новгородская область","Большая Санкт-Петербургская ул, д. 25а, город Великий Новгород, Новгородская область, Россия, 173003","58.532872,31.265201"
"Новосибирск | ФКУ «ИК № 3 ГУФСИН России по Новосибирской области»","ул. Звездная, д. 34, г. Новосибирск, Новосибирская область, 630097","54.948468, 83.070439"
"Новосибирск | ФКУ «ИК № 9 ГУФСИН России по Новосибирской области»","Гусинобродское ш., д.114, город Новосибирск, Новосибирская область, Россия, 630039","55.036585,83.001507"
"Тогучин | ФКУ «ИК № 14 ГУФСИН России по Новосибирской области»","ул. Блюхера, д.2а, Тогучинский район, город Тогучин, Новосибирская область, Россия, 633454","55.23514,84.368184"
"Новосибирск | ФКУ «ИК № 18 ГУФСИН России по Новосибирской области»","ул. Ключ-Камышенское плато, д.6/3, город Новосибирск, Новосибирская область, Россия, 630114","54.984378,83.036913"
"ФКУ СИЗО-1 ГУФСИН России по Новосибирской области | Новосибирская область","ул. Караваева, д.1, город Новосибирск, Новосибирская область, Россия, 630010","55.050447,83.007013"
"Новосибирская областная психиатрическая больница","Тульская ул., д.83, город Новосибирск, Новосибирская область, Россия, 630087","54.977672,82.918103"
"Омск | ФКУ «ИК № 6 УФСИН России по Омской области»","ул. 10 лет Октября д. 176, г. Омск, Омская область, 644009","54.986129, 73.439269"
"Омск | ФКУ «ИК № 7 УФСИН России по Омской области»","Доковский пр-д, д. 6, город Омск, Омская область, Россия, 644029","54.910451,73.456792"
"Омск | ФКУ «ИК № 8 УФСИН России по Омской области»","Доковская ул., д. 3, город Омск, Омская область, Россия, 644089","55.04809,73.230077"
"Омск | ФКУ «ИК № 9 УФСИН России по Омской области»","ул. 27-я линия, д.47 к.а, город Омск, Омская область, Россия, 644027","54.991354,73.36452"
"ФКУ СИЗО-1 УФСИН России по Омской области | Омская область","ул. Орджоникидзе, д.86, город Омск, Омская область, Россия, 644007","55.002554,73.365542"
"ФКЛПУ ОБ-11 УФСИН России по Омской области","Телевизионная ул., д. 17 к. 4, город Омск, Омская область, Россия, 644089","55.037432,73.252534"
"Оренбург | ФКУ «ИК № 1 УФСИН России по Оренбургской области»","Крымский пер., д. 119, город Оренбург, Оренбургская область, Россия, 460026","51.792777,55.1423"
"Новотроицк | ФКУ «ИК № 3 УФСИН России по Оренбургской области»","Зеленая ул, д. 10, город Новотроицк, Оренбургская область, Россия, 462360","51.198834,58.288586"
"Новотроицк | ФКУ «ИК № 5 УФСИН России по Оренбургской области»","Заводская ул., дом 26, город Новотроицк, Оренбургская область, Россия, 462353","51.21736,58.390839"
"Соль-Илецк | ФКУ «ИК № 6 УФСИН России по Оренбургской области» «Чёрный дельфин»","ул. Советская, д. 6, г. Соль-Илецк, Оренбургская область, Россия, 461530","51.155198,54.994423"
"Оренбург | ФКУ «ИК № 8 УФСИН России по Оренбургской области»","Донгузская ул., д.142, город Оренбург, Оренбургская область, Россия, 460027","51.703138,55.081657"
"п. Акбулак | ФКУ «ИК № 9 УФСИН России по Оренбургской области»","пос. Акбулак, Оренбургская область, Россия, 461550","50.999832,55.623976"
"ФКУ СИЗО-1 УФСИН России по Оренбургской области | Оренбургская область","Набережная ул., д.7, город Оренбург, Оренбургская область, Россия, 460000","51.755152,55.232981"
"ФКУ СИЗО-2 УФСИН России по Оренбургской области | Оренбургская область","ул м.Конева, д. 2в, город Орск, Оренбургская область, Россия, 462413","51.208009,58.657366"
"ФКУ СИЗО-3 УФСИН России по Оренбургской области | Оренбургская область","Калининградская ул., д.192, город Оренбург, Оренбургская область, Россия, 460028","51.820718,55.087463"
"п. Нарышкино | ФКУ «ИК № 5 УФСИН России по Орловской области»","ул. Заводская, д. 62, п. Нарышкино, Орловская область, Россия, 303900","52.965622,35.726891"
"с. Шахово | ФКУ «КП № 3 УФСИН России по Орловской области»","ул Победы, зд. 29, Кромской район, село Шахово, Орловская область, Россия, 303222","52.730527,35.882334"
"ФКУ СИЗО-1 УФСИН России по Орловской области | Орловская область","Красноармейская ул., д.10, город Орёл, Орловская область, Россия, 302040","52.978947,36.065196"
"Пенза | ФКУ «ИК № 1 УФСИН России по Пензенской области»","Автоматный переулок д. 1, г. Пенза, Пензенская область, 440061","53.213774, 45.013690"
"Пенза | ФКУ «ИК № 4 УФСИН России по Пензенской области»","Молодогвардейская ул., д.9, город Пенза, Пензенская область, Россия, 440042","53.218788,45.120342"
"Пенза | ФКУ «ИК № 8 УФСИН России по Пензенской области»","ул. Лесной поселок, д. 1, город Пенза, Пензенская область, Россия, 440042","53.193797,45.04331"
"ФКУ СИЗО-1 УФСИН России по Пензенской области | Пензенская область","ул Каракозова, д. 30, город Пенза, Пензенская область, Россия, 440039","53.214344,45.015182"
"Соликамск | ФКУ «ИК-1 ОИК № 2 ОУХД ГУФСИН России по Пермскому краю»","ул. Карналитовая, д. 98, г. Соликамск, Пермский край, Россия, 618545","59.671735,56.76059"
"Соликамск | ФКУ «ИК-2 ОИК № 2 ОУХД ГУФСИН России по Пермскому краю»«Белый лебедь»","ул. Карналитовая, д. 98, г. Соликамск, Пермский край, Россия, 618545","59.671735,56.76059"
"п. Широковский | ФКУ «ИК № 12 ОУХД ГУФСИН России по Пермскому краю»","п. Широковский, Губахинский район, Пермский край, Россия, 618266","58.842135,57.78284"
"Кунгур | ФКУ «ИК № 18 ГУФСИН России по Пермскому краю»","Юбилейная ул, зд. 20, Кунгурский р-н, г Кунгур, Пермский край, Россия, 617474","57.365337,57.008027"
"Березники | ФКУ «ИК № 28 ГУФСИН России по Пермскому краю»","пр-кт Ленина, д. 81, город Березники, Пермский край, Россия, 618400","59.430398,56.806467"
"Пермь | ФКУ «ИК № 29 ГУФСИН России по Пермскому краю»","Соликамская ул., д.246, город Пермь, Пермский край, Россия, 614056","58.071733,56.349827"
"Пермь | ФКУ «ИК № 32 ГУФСИН России по Пермскому краю»","ул. Докучаева, д.27, город Пермь, Пермский край, Россия, 614031","58.038343,56.134201"
"с. Гамово | ФКУ «Пермская ВК ГУФСИН России по Пермскому краю»","ул Свободы, зд. 1, Пермский район, село Гамово, Пермский край, Россия, 614512","58.024796,56.325188"
"ФКУ СИЗО-1 ГУФСИН России по Пермскому краю | Пермский край","ул. Клименко, д.24, город Пермь, Пермский край, Россия, 614015","58.013248,56.263635"
"ФКУ СИЗО-3 ГУФСИН России по Пермскому краю | Пермский край","ул Щорса, зд. 26, город Кизел, Пермский край, Россия, 618350","59.055231,57.674167"
"ФКУ СИЗО-4 ГУФСИН России по Пермскому краю | Пермский край","ул Давыдова, д. 2, город Кудымкар, Пермский край, Россия, 619000","59.006998,54.664387"
"ФКУ СИЗО-5 ГУФСИН России по Пермскому краю | Пермский край","Соликамская ул, д. 246а стр. 11, г Пермь, Пермский край, Россия, 614056","58.071616,56.348995"
"ФКУ СИЗО-6 ГУФСИН России по Пермскому краю | Пермский край","ул Свободы, зд. 9а, Пермский р-н, с Гамово, тер. Вк Гамово, Пермский край, Россия, 614512","57.868215,56.100245"
"п. Горное | ФКУ «ИК № 10 ГУФСИН по Приморскому краю»","ул Ленина, д. 25, Михайловский район, поселок Горное, Приморский край, Россия, 692669","43.986738,132.338445"
"п. Волчанец | ФКУ «ИК № 27 ГУФСИН по Приморскому краю»","Комсомольская ул, влд. 1б, Партизанский район, поселок Волчанец, Приморский край, Россия, 692968","42.913289,132.762426"
"Большой Камень | ФКУ «ИК № 29 ГУФСИН по Приморскому краю»","ул Дзержинского, д. 1, город Большой Камень, Приморский край, Россия, 692802","43.174391,132.363742"
"с. Чугуевка | ФКУ «ИК № 31 ГУФСИН по Приморскому краю»","ул. Дзержинского, д. 1а, Чугуевский район, село Чугуевка, Приморский край, Россия, 692623","44.167627,133.868543"
"пгт. Приморский | ФКУ «КП № 26 ГУФСИН по Приморскому краю»","Молодежная ул, зд. 1, Хасанский район, поселок городского типа Приморский, Приморский край, Россия, 692710","43.091646,131.587306"
"Владивосток | ФКУ «КП № 49 ГУФСИН по Приморскому краю»","Выселковая ул., д.50, город Владивосток, Приморский край, Россия, 690074","43.146102,131.953698"
"ФКУ СИЗО-1 УФСИН России по Приморскому краю | Приморский край","Партизанский проспект, д. 28Б, г. Владивосток, Приморский край, Россия, 690106","43.126025,131.898223"
"ФКУ СИЗО-2 ГУФСИН России по Приморскому краю | Приморский край","ул. Энгельса, д.63, город Уссурийск, Приморский край, Россия, 692525","43.817056,131.944907"
"ФКУ СИЗО-3 ГУФСИН России по Приморскому краю | Приморский край","ул. Механизаторов, д.46, город Уссурийск, Приморский край, Россия, 692519","43.804345,131.901228"
"ФКУ СИЗО-4 ГУФСИН России по Приморскому краю | Приморский край","Раздольная ул., д.4, Спасский район, ж/д ст Старый Ключ, Приморский край, Россия, 692239","44.560318,132.750622"
"д. Крюки | ФКУ «ИК № 2 УФСИН России по Псковской области»","Набережная ул, д. 3, Островский р-н, д Крюки 1, Псковская область, Россия, 181350","57.349056,28.320616"
"п. Сосновый Бор | ФКУ «ИК № 6 УФСИН России по Псковской области»","пгт Сосновый Бор, Себежский район, Псковская область, Россия, 182277","56.242097,28.314624"
"ФКУ СИЗО-1 УФСИН России по Псковской области | Псковская область","ул. Некрасова, д.39, город Псков, Псковская область, Россия, 180000","57.819481,28.346056"
"ФКУ СИЗО-2 УФСИН России по Псковской области | Псковская область","Горицкая ул., д.16, город Великие Луки, Псковская область, Россия, 182105","56.353225,30.497423"
"ФКУ СИЗО-1 УФСИН России по Республике Алтай | Республика Алтай","ул. Горная, д. 15, с. Кызыл-Озек, Майминский район, Республика Алтай, Россия, 649105","51.891421,85.996398"
"Шахты | ФКУ ИК №9 ГУФСИН по Ростовской области»","Открытая ул, зд. 10, город Шахты, Ростовская область, Россия, 346519","47.748834,40.202466"
"Ростов-на-Дону | ФКУ «ИК № 10 ГУФСИН по Ростовской области»","Казачий пер., д.22, город Ростов-на-Дону, Ростовская область, Россия, 344033","47.187877,39.637922"
"Каменск-Шахтинский | ФКУ «ИК №12 ГУФСИН по Ростовской области»","Морская ул, д. 94, город Каменск-Шахтинский, Ростовская область, Россия, 347810","48.292738,40.240741"
"Батайск | ФКУ «ИК № 15 ГУФСИН России по Ростовской области»","ул М.Горького, зд. 356, город Батайск, Ростовская область, Россия, 346880","47.141336,39.742654"
"Азов | ФКУ «ИК № 18 ГУФСИН по Ростовской области»","ул Дружбы, влд. 1а, город Азов, Ростовская область, Россия, 346782","47.074222,39.437772"
"п. Садковский | ФКУ «КП №8 ГУФСИН по Ростовской области»","Центральная ул, зд. 19, Веселовский район, поселок Садковский, Ростовская область, Россия, 347780","47.28693,40.98574"
"ФКУ СИЗО-1 УФСИН России по Ростовской области | Ростовская область","ул. Максима Горького, д. 219, г. Ростов-на-Дону, Россия, 344022","47.229718,39.727594"
"ФКУ СИЗО-2 ГУФСИН России по Ростовской области | Ростовская область","ул. Ленина, д.175, город Таганрог, Ростовская область, Россия, 347910","47.241183,38.904415"
"ФКУ СИЗО-3 ГУФСИН России по Ростовской области | Ростовская область","Украинская ул., д.1, город Новочеркасск, Ростовская область, Россия, 346408","47.396746,40.076025"
"ФКУ СИЗО-4 ФСИН России | Ростовская область","Большая Садовая ул, зд. 31, город Ростов-на-Дону, Ростовская область, Россия, 344082","47.219638,39.70532"
"ФКУ СИЗО-4 УФСИН России по Ростовской области | Ростовская область","п. Кирпичный, г. Шахты, Ростовская область, Россия, 346519","47.75855,40.194371"
"ФКУ СИЗО-5 ГУФСИН России по Ростовской области | Ростовская область","Тоннельная ул., д.4, город Ростов-на-Дону, Ростовская область, Россия, 344064","47.257156,39.686487"
"пгт. Центральный | ФКУ «ИК № 1 УФСИН России по Рязанской области»","пос. Центральный, Милославский район, Рязанская область, Россия, 391793","53.6768,39.626919"
"Рязань | ФКУ «ИК № 2 УФСИН России по Рязанской области»","1-я Красная ул., д. 20, город Рязань, Рязанская область, Россия, 390043","54.643821,39.681001"
"Скопин | ФКУ «ИК № 3 УФСИН России по Рязанской области»","Октябрьский мкр, город Скопин, Рязанская область, Россия, 391846","53.790078,39.479099"
"п. Комсомольский | ФКУ «КП № 4 УФСИН России по Рязанской области»","пос. Комсомольский, Скопинский район, Рязанская область, Россия, 391847","53.748424,39.44546"
"с. Клекотки | ФКУ «ИК № 5 УФСИН России по Рязанской области»","Скопинский район, село Клекотки, Рязанская область, Россия, 391825","53.882583,38.871609"
"Стенькино | ФКУ «ИК № 6 УФСИН России по Рязанской области»","Рязанский район, поселок Стенькино, Рязанская область, Россия, 390506","54.54067,39.727183"
"ФКУ СИЗО-1 УФСИН России по Рязанской области | Рязанская область","Первомайский пр-кт, д. 27 б, город Рязань, Рязанская область, Россия, 390013","54.627681,39.723717"
"Новокуйбышевск | ФКУ «ИК № 3 УФСИН России по Самарской области»","Вторая Промышленная ул., д.8, город Новокуйбышевск, Самарская область, Россия, 446200","53.072691,49.897418"
"п. Волжский | ФКУ «ИК № 10 УФСИН России по Самарской области»","ул. Заводская, д. 46, пгт Волжский, Красноярский район, Самарская область, Россия, 446394","53.44053,50.094838"
"Самара | ФКУ «ИК № 15 УФСИН России по Самарской области»","Утевская ул., д.18а, город Самара, Самарская область, Россия, 443047","53.13229,50.105148"
"с. Спиридоновка | ФКУ «ИК № 26 УФСИН России по Самарской области»","Советская ул., участок 1д;, Волжский район, село Спиридоновка, Самарская область, Россия, 443527","52.975219,50.290924"
"с. Рождествено | ФКУ «ИК № 28 УФСИН России по Самарской области»","Волжский район, село Рождествено, Самарская область, Россия, 443541","53.230688,50.0497"
"Тольятти | ФКУ «ИК № 29 УФСИН России по Самарской области»","Хрящевское ш., д.5, город Тольятти, Самарская область, Россия, 445004","53.573648,49.347158"
"Самара | ФКУ «ЛИУ № 4 УФСИН России по Самарской области»","Заводское ш., д.15 а, город Самара, Самарская область, Россия, 443022","53.185243,50.219339"
"ФКУ СИЗО-1 УФСИН России по Самарской области | Самарская область","Садовый пр-д, д. 22, город Самара, Самарская область, Россия, 443022","53.193736,50.265258"
"ФКУ СИЗО-2 УФСИН России по Самарской области | Самарская область","ул. Хлебцевича, д.1, город Сызрань, Самарская область, Россия, 446010","53.176492,48.476266"
"ФКУ СИЗО-4 УФСИН России по Самарской области | Самарская область","Хрящевское ш., влд 3, город Тольятти, Самарская область, Россия, 445043","53.567628,49.347661"
"Энгельс | ФКУ «ИК № 2 УФСИН России по Саратовской области»","Функциональный пр-д, д.14, город Энгельс, Саратовская область, Россия, 413116","51.457632,46.127787"
"Пугачев | ФКУ «ИК № 4 УФСИН России по Саратовской области»","тер. Карьер МВД, город Пугачев, Саратовская область, Россия, 413724","52.010277,48.810436"
"Вольск | ФКУ «ИК № 5 УФСИН России по Саратовской области»","город Вольск, поселок Видим-12, Саратовская область, Россия, 412900","52.049708,47.369227"
"станция Паницкая | ФКУ «ИК № 7 УФСИН России по Саратовской области»","ул. Мира, д. 32, ст. Паницкая, Красноармейский район, Саратовская область, Россия, 412813","51.182929,45.498929"
"Саратов | ФКУ «ИК № 10 УФСИН России по Саратовской области»","Сокурский тракт, зд. 57, город Саратов, Саратовская область, Россия, 410000","51.632586,45.937382"
"Энгельс | ФКУ «ИК № 13 УФСИН России по Саратовской области»","Функциональный пр-д, д. 8, город Энгельс, Саратовская область, Россия, 413116","51.462482,46.127963"
"Саратов | ФКУ «ИК № 33 УФСИН России по Саратовской области»","п. Елшанка, г. Саратов, Саратовская область, 410086","51.606332, 45.909121"
"с. Усть-Золиха | ФКУ «КП № 11 УФСИН России по Саратовской области»","Заречная ул, д. 4, Красноармейский р-н, с Усть-Золиха, Саратовская область, Россия, 412817","50.973321,45.54527"
"Балашов | ФКУ «ЛИУ № 3 УФСИН России по Саратовской области»","Саратовское ш., д.1, город Балашов, Саратовская область, Россия, 412304","51.544838,43.226456"
"ФКУ СИЗО-1 УФСИН России по Саратовской области | Саратовская область","ул им Кутякова И.С., д. 105, город Саратов, Саратовская область, Россия, 410012","51.540149,46.014602"
"Балашов | ФКУ «Тюрьма УФСИН России по Саратовской области»","ул. Уральская, д. 17, г. Балашов, Саратовская область, Россия, 412315","51.53949,43.136834"
"Якутск | ФКУ «ИК № 1 УФСИН по РСЯ»","ул. Очиченко, д. 25, г. Якутск, Республика Саха (Якутия), Россия, 677004","62.078019,129.766539"
"ФКУ СИЗО-1 УФСИН России по Республике Саха (Якутия) | Республика Саха (Якутия)","ул Якова Петерса (Марха Мкр.), д.1, город Якутск, Республика Саха (Якутия), Россия, 677901","62.115023,129.734383"
"Южно-Сахалинск | ФКУ «ИК № 1 УФСИН по Сахалинской области»","Пограничная ул, д. 71, город Южно-Сахалинск, Сахалинская область, Россия, 693008","46.943154,142.722091"
"ФКУ СИЗО-1 УФСИН России по Сахалинской области | Сахалинская область","пр-кт Мира, д. 193, город Южно-Сахалинск, Сахалинская область, Россия, 693007","46.948762,142.743278"
"Екатеринбург | ФКУ «ИК № 2 ГУФСИН России по Свердловской области»","ул. Малышева, д. 2б, город Екатеринбург, Свердловская область, Россия, 620014","56.831261,60.580066"
"Нижний Тагил | ФКУ «ИК № 5 ГУФСИН России по Свердловской области»","ул. Шевченко, д.6, город Нижний Тагил, Свердловская область, Россия, 622005","57.939668,60.028294"
"Нижний Тагил | ФКУ «ИК № 6 ГУФСИН России по Свердловской области»","ул. Западная д. 3 А, г. Нижний Тагил, Свердловская область, 622042","57.934674, 59.971708"
"Екатеринбург | ФКУ «ИК № 10 ГУФСИН России по Свердловской области»","Монтерская ул., д. 5, город Екатеринбург, Свердловская область, Россия, 620085","56.782429,60.619928"
"Нижний Тагил | ФКУ «ИК № 13 ГУФСИН России по Свердловской области»«Красная утка»","ул. Кулибина, д. 61, г. Нижний Тагил, Свердловская область, Россия, 622013","57.900588,60.015351"
"п. Привокзальный | ФКУ «ИК № 53 ГУФСИН России по Свердловской области»","ул Свободы, д. 22, Верхотурский район, поселок Привокзальный, Свердловская область, Россия, 624391","58.875833,60.729444"
"Новая Ляля | ФКУ «ИК № 54 ГУФСИН России по Свердловской области»","ул Бажова, д. 89, Новолялинский район, город Новая Ляля, Свердловская область, Россия, 624400","59.06509,60.57711"
"Первоуральск | ФКУ «КП № 66 ГУФСИН России по Свердловской области»","город Первоуральск, деревня Старые Решёты, Свердловская область, Россия, 623141","56.848568,60.245467"
"ФКУ СИЗО-1 ГУФСИН России по Свердловской области | Свердловская область","ул. Репина, д.4, город Екатеринбург, Свердловская область, Россия, 620019","56.830533,60.578069"
"ФКУ СИЗО-2 ГУФСИН России по Свердловской области | Свердловская область","ул. Кирова, д.29а, город Ирбит, Свердловская область, Россия, 623856","57.687978,63.054353"
"ФКУ СИЗО-4 ГУФСИН России по Свердловской области | Свердловская область","ул. Урицкого, д.16 б, город Камышлов, Свердловская область, Россия, 624860","56.848921,62.700522"
"ФКУ СИЗО-5 ГУФСИН России по Свердловской области | Свердловская область","Елизаветинское ш., д.19, город Екатеринбург, Свердловская область, Россия, 620024","56.764651,60.626166"
"ФКУ СИЗО-1 УФСИН России по Республике Северная Осетия – Алания | Республика Северная Осетия","проспект Коста, д. 205, г. Владикавказ, Республика Северная Осетия — Алания, Россия, 362020","43.033213,44.665431"
"ФКУ СИЗО-6 ФСИН России | Республика Северная Осетия","ул. Мордовцева, д. 6, город Владикавказ, Республика Северная Осетия — Алания, Россия, 362040","43.023783,44.684002"
"п. Вадино | ФКУ «ИК № 2 УФСИН России по Смоленской области»","Сафоновский район, поселок Вадино, Смоленская область, Россия, 215520","55.261459,33.249286"
"Сафоново | ФКУ ИК-3 УФСИН России по Смоленской области","ул Шахта-3, Сафоновский район, город Сафоново, Смоленская область, Россия, 215503","55.147811,33.220799"
"ФКУ СИЗО-1 УФСИН России по Смоленской области | Смоленская область","пр-кт Гагарина, д.16, город Смоленск, Смоленская область, Россия, 214018","54.770593,32.04634"
"Смоленская ПБСТИН","ул Карла Маркса, д. 71, Сычевский район, город Сычевка, Смоленская область, Россия, 215280","55.821053,34.263754"
"с. Кочубеевское | ФКУ «ИК № 1 УФСИН России по Ставропольскому краю»","П/С Западный ул, зд. 16, Кочубеевский р-н, с Кочубеевское, Ставропольский край, Россия, 357000","44.66072,41.854086"
"с. Кочубеевское | ФКУ «ИК № 2 УФСИН России по Ставропольскому краю»","Станционная ул, двлд. 11, Кочубеевский р-н, с Кочубеевское, Ставропольский край, Россия, 357000","44.674476,41.832414"
"с. Краснокумское | ФКУ «ИК № 3 УФСИН России по Ставропольскому краю»","Левобережная ул, д. 19, Георгиевский район, село Краснокумское, Ставропольский край, Россия, 357834","44.214948,43.506941"
"х. Дыдымкин | ФКУ «ИК № 6 УФСИН России по Ставропольскому краю»","ул. Тивилева, д.2, Курский район, хутор Дыдымкин, Ставропольский край, Россия, 357871","43.939974,44.840825"
"Зеленокумск | ФКУ «ИК № 7 УФСИН России по Ставропольскому краю»","Почтовая ул, зд. 78, Советский район, город Зеленокумск, Ставропольский край, Россия, 357910","44.412596,43.894106"
"Ставрополь | ФКУ «ИК № 11 УФСИН России по Ставропольскому краю»","город Ставрополь, Ставропольский край, Россия, 355000","45.034229,42.030059"
"ФКУ СИЗО-1 УФСИН России по Ставропольскому краю | Ставропольский край","пл Воровского, д. 6, город Ставрополь, Ставропольский край, Россия, 355002","45.031857,41.966332"
"ФКУ СИЗО-2 УФСИН России по Ставропольскому краю | Ставропольский край","Теплосерная ул, д. 123, город Пятигорск, Ставропольский край, Россия, 357502","44.038695,43.097104"
"Тамбов | ФКУ «ИК № 1 УФСИН России по Тамбовской области»","Мичуринская ул, д. 57, город Тамбов, Тамбовская область, Россия, 392000","52.738254,41.440745"
"п. Зеленый | ФКУ «ИК № 3 УФСИН России по Тамбовской области»","Центральная ул, д. 6, Рассказовский район, поселок Зелёный, Тамбовская область, Россия, 393265","52.713793,42.01369"
"Моршанск | ФКУ «ИК № 5 УФСИН России по Тамбовской области»","ул. Сурикова, д.39, город Моршанск, Тамбовская область, Россия, 393950","53.442202,41.846678"
"п. Садовый | ФКУ «КП № 2 УФСИН России по Тамбовской области»","Зеленая ул, д. 11, Кирсановский район, поселок Садовый, Тамбовская область, Россия, 393360","52.629684,42.722087"
"п. Полевой | ФКУ «ЛИУ № 7 УФСИН России по Тамбовской области»","Рабочая ул, д. 7, Кирсановский район, поселок Полевой, Тамбовская область, Россия, 393354","52.817743,42.486712"
"ФКУ СИЗО-1 УФСИН России по Тамбовской области | Тамбовская область","Мичуринская ул, д. 55, город Тамбов, Тамбовская область, Россия, 392000","52.737562,41.439439"
"ФКУ СИЗО-3 УФСИН России по Тамбовской области | Тамбовская область","Стаевская тер., стр. 6, с/п стаевский сельсовет, Мичуринский район, Тамбовская область, Россия, 393795","52.862135,40.427209"
"Казань | ФКУ «ИК № 2 УФСИН России по РТ»","ул. Производственная, д. 18, г. Казань, Республика Татарстан, Россия, 420021","55.767658,49.115406"
"Нижнекамск | ФКУ «ИК № 4 УФСИН России по РТ»","г. Нижнекамск-10, Республика Татарстан, Россия, 423550","55.613196,51.846997"
"пгт. Нижние Вязовые | ФКУ «ИК № 5 УФСИН России по РТ»","ул. Комсомольская, д. 1, пгт Нижние Вязовые, Зеленодольский район, Республика Татарстан, Россия, 422500","55.802964,48.520159"
"Альметьевск | ФКУ «ИК № 8 УФСИН России по РТ»","ул. Базовая, д. 26, г. Альметьевск, Республика Татарстан, Россия, 423450","54.870295,52.279341"
"Казань | ФКУ «ИК № 19 УФСИН России по РТ»","ул. Магистральная, д. 18, г. Казань, Республика Татарстан, Россия, 420108","55.787958,49.234384"
"с. Дигитли | ФКУ «КП № 17 УФСИН России по РТ»","ул. Заречная, д. 4А, с. Дигитли, Мамадышский район, Республика Татарстан, Россия, 422157","55.588923,51.038646"
"ФКУ СИЗО-1 УФСИН России по Республике Татарстан | Республика Татарстан","ул Япеева, д. 16, город Казань, Республика Татарстан, Россия, 420111","55.800569,49.116525"
"ФКУ СИЗО-2 УФСИН России по Республике Татарстан | Республика Татарстан","Большая ул., д.98, город Казань, Республика Татарстан, Россия, 420030","55.65855,49.286561"
"ФКУ СИЗО-3 УФСИН России по Республике Татарстан | Республика Татарстан","Казанская ул., д. 2в, Бугульминский район, город Бугульма, Республика Татарстан, Россия, 423243","54.550661,52.786648"
"ФКУ СИЗО-4 УФСИН России по Республике Татарстан | Республика Татарстан","Мирный пер., д.1, Мензелинский район, город Мензелинск, Республика Татарстан, Россия, 423700","55.728008,53.097515"
"ФКУ СИЗО-5 УФСИН России по Республике Татарстан | Республика Татарстан","ул. К.Либкнехта, д.1 в, Чистопольский район, город Чистополь, Республика Татарстан, Россия, 422980","55.364488,50.645125"
"Тверь | ФКУ «ИК № 1 УФСИН России по Тверской области»","п. Большие Перемерки, д.18, город Тверь, Тверская область, Россия, 170017","56.823829,35.974266"
"Торжок | ФКУ «ИК № 4 УФСИН России по Тверской области»","Старицкая ул., д. 79, город Торжок, Тверская область, Россия, 172011","57.017845,34.967191"
"Вышний Волочек | ФКУ «ИК № 5 УФСИН России по Тверской области»","Ржевский тракт, зд. 7, город Вышний Волочек, Тверская область, Россия, 171161","57.556028,34.544538"
"Бежецк | ФКУ «ИК № 6 УФСИН России по Тверской области»","Новая ул, д. 60а, Бежецкий район, город Бежецк, Тверская область, Россия, 171982","57.773823,36.655175"
"Ржев | ФКУ «ИК № 7 УФСИН России по Тверской области»","Крестьянский пер, д. 38, город Ржев, Тверская область, Россия, 172388","56.277918,34.312606"
"ФКУ СИЗО-1 УФСИН России по Тверской области | Тверская область","ул. Вагжанова, д.141, город Тверь, Тверская область, Россия, 170100","56.849477,35.944985"
"ФКУ СИЗО-2 УФСИН России по Тверской области | Тверская область","Красная ул., д.31, город Кашин, Тверская область, Россия, 171640","57.360633,37.608168"
"ФКУ СИЗО-3 УФСИН России по Тверской области | Тверская область","Зубцовское ш, д. 22, город Ржев, Тверская область, Россия, 172387","56.24586,34.336475"
"Торжок | ФКЛПУ «Областная больница УФСИН России по Тверской области»","Старицкая ул., д.96, город Торжок, Тверская область, Россия, 172011","57.019687,34.962206"
"Томск | ФКУ «ИК № 3 ФСИН»","ул. Гагарина, д. 1А, пгт Харп, Приуральский район, Ямало-Ненецкий автономный округ, Россия, 629420","66.815131,65.801312"
"Томск | ФКУ «ИК № 4 ФСИН»","пос. Рабочий, д. 25, Сосновский район, Тамбовская область, Россия, 393852","53.186858,41.57419"
"ФКУ СИЗО-1 УФСИН России по Томской области | Томская область","ул. Пушкина, д.48, город Томск, Томская область, Россия, 634003","56.501477,84.978439"
"Томск | ФКУ «Томская ВК № 2 ФСИН»","Кольцевой проезд, д. 20, г. Томск, Россия, 634027","56.531426,84.974395"
"Донской | ФКУ «ИК № 1 УФСИН России по Тульской области»","пр-д Димитрова, д. 1, мкр. Комсомольский, г. Донской, Тульская обл., 301781","53.910819, 38.265527"
"Тула | ФКУ «ИК № 2 УФСИН России по Тульской области»","ул. Мориса Тореза, д.11а, город Тула, Тульская область, Россия, 300012","54.176977,37.603076"
"Плавск | ФКУ «ИК № 4 УФСИН России по Тульской области»","Плавский район, город Плавск, поселок Белая гора, Тульская область, Россия, 301470","53.706331,37.291992"
"Донской | ФКУ «ИК № 5 УФСИН России по Тульской области»","Луговая ул., д.1-а, город Донской, микрорайон Шахтерский, Тульская область, Россия, 301782","53.92163,38.31745"
"Новомосковск | ФКУ «ИК № 6 УФСИН России по Тульской области»","Центральная ул., д.27, Новомосковский район, город Новомосковск, Тульская область, Россия, 301654","54.02913,38.248432"
"ФКУ СИЗО-1 УФСИН России по Тульской области | Тульская область","ул. Мориса Тореза, д.11 к.б, город Тула, Тульская область, Россия, 300012","54.177335,37.603578"
"Кызыл | ФКУ «ИК № 1 УФСИН России по Республике Тыва»","ул. Догээ-Баары, д.1, город Кызыл, Республика Тыва, Россия, 667002","51.728113,94.418067"
"Шагонар | ФКУ «ИК № 4 УФСИН России по Республике Тыва»","ул. Энергетиков, д.1, Улуг-Хемский район, город Шагонар, Республика Тыва, Россия, 668210","51.538837,92.912699"
"Тюмень | ФКУ «ИК № 2 УФСИН России по Тюменской области»","Вербная ул., д.13 к.2, город Тюмень, Тюменская область, Россия, 625014","57.12096,65.634866"
"Тюмень | ФКУ «ИК № 4 УФСИН России по Тюменской области»","Авторемонтная ул., д.29, город Тюмень, Тюменская область, Россия, 625017","57.156649,65.460089"
"ФКУ СИЗО-1 УФСИН России по Тюменской области | Тюменская область","Ялуторовская ул., д.42 к.2, город Тюмень, Тюменская область, Россия, 625000","57.147219,65.537999"
"ФКУ СИЗО-2 УФСИН России по Тюменской области | Тюменская область","ул Братьев Перевозкиных, зд. 29, город Заводоуковск, Тюменская область, Россия, 627145","56.492959,66.588571"
"ФКУ СИЗО-4 УФСИН России по Тюменской области | Тюменская область","Вокзальная ул, д. 3, Тюменский район, рабочий поселок Винзили, Тюменская область, Россия, 625530","56.975645,65.785205"
"с. Ягул | ФКУ «ИК № 1 УФСИН России по Удмуртской Республике»","Завьяловский район, село Ягул, Удмуртская Республика, Россия, 427018","56.945139,53.313506"
"Сарапул | ФКУ «ИК № 5 УФСИН России по Удмуртской Республике»","ул. Раскольникова, д.53а, город Сарапул, Удмуртская Республика, Россия, 427965","56.486718,53.814801"
"станция Люга | ФКУ «ИК № 6 УФСИН России по Удмуртской Республике»","ул. Заводская, д. 2А, ст. Люга, Можгинский район, Удмуртская Республика, Россия, 427750","56.431945,51.947782"
"д. Хохряки | ФКУ «ИК № 8 УФСИН России по Удмуртской Республике»","Завьяловский район, деревня Хохряки, Удмуртская Республика, Россия, 427011","56.915466,53.322411"
"с. Каркалай | ФКУ «КП № 3 УФСИН России по Удмуртской Республике»","Станционная ул., д.4, Увинский район, село Каркалай, Удмуртская Республика, Россия, 427230","56.985172,52.169323"
"ФКУ СИЗО-1 УФСИН России по Удмуртской Республике | Удмуртская республика","Базисная ул, д. 13, город Ижевск, Удмуртская Республика, Россия, 426034","56.855766,53.228285"
"ФКУ СИЗО-2 УФСИН России по Удмуртской Республике | Удмуртская республика","ул. Молодой Гвардии, д.24а, город Глазов, Удмуртская Республика, Россия, 427621","58.13699,52.664837"
"Новоульяновск | ФКУ «ИК № 2 УФСИН Ульяновской области»","Поселок Северный ул, зд. 1 стр. 1, г Новоульяновск, Ульяновская область, Россия, 433300","54.145036,48.390554"
"Димитровград | ФКУ «ИК № 3 УФСИН Ульяновской области»","ул. Осипенко, д. 22, г. Димитровград, Ульяновская обл., 433510","54.233938, 49.591783"
"Ульяновск | ФКУ «ИК № 9 УФСИН Ульяновской области»","Инженерный 11-й пр-д, д.36, город Ульяновск, Ульяновская область, Россия, 432072","54.319978,48.394566"
"Димитровград | ФКУ «ИК № 10 УФСИН Ульяновской области»","Промышленная ул., д.3, город Димитровград, Ульяновская область, Россия, 433504","54.192675,49.562484"
"ФКУ СИЗО-1 УФСИН России по Ульяновской области | Ульяновская область","ул Куйбышева, д. 2/93, город Ульяновск, Ульяновская область, Россия, 432048","54.304809,48.378176"
"Димитровград | ФКУ «Тюрьма УФСИН Ульяновской области»","ул. Калугина, д.66, город Димитровград, Ульяновская область, Россия, 433503","54.206764,49.622015"
"Хабаровск | ФКУ «ИК № 3 УФСИН России по Хабаровскому краю»","Целинная ул., д.33а, город Хабаровск, Хабаровский край, Россия, 680032","48.427853,135.154868"
"Комсомольск-на-Амуре | ФКУ «ИК № 7 УФСИН России по Хабаровскому краю»","ул Павловского, д. 12, город Комсомольск-на-Амуре, Хабаровский край, Россия, 681005","50.564243,136.999482"
"Заозерное | ФКУ «ИК № 13 УФСИН России по Хабаровскому краю»","ул. Петра Черкасова, д.21, Хабаровский район, село Заозерное, Хабаровский край, Россия, 680518","48.596145,135.227103"
"Амурск | ФКУ «ИК № 14 УФСИН России по Хабаровскому краю»","ш. Машиностроителей, д. 10, город Амурск, Хабаровский край, Россия, 682640","50.24167,136.864591"
"Заозерное | ФКУ «КП № 22 УФСИН по Хабаровскому краю»","ул. Петра Черкасова, д.32, Хабаровский район, село Заозерное, Хабаровский край, Россия, 680518","48.601999,135.23003"
"ФКУ СИЗО-1 УФСИН России по Хабаровскому краю | Хабаровский край","ул. Знаменщикова, д.6, город Хабаровск, Хабаровский край, Россия, 680038","48.488239,135.05846"
"ФКУ СИЗО-2 УФСИН России по Хабаровскому краю | Хабаровский край","Пионерская ул., д.23 к.2, город Комсомольск-на-Амуре, Хабаровский край, Россия, 681000","50.541866,137.026774"
"ФКУ СИЗО-4 УФСИН России по Хабаровскому краю | Хабаровский край","Клубный пер., д.7, Амурский район, рабочий поселок Эльбан, Хабаровский край, Россия, 682610","50.101343,136.494955"
"п. Усть-Абакан | ФКУ «ИК № 28 УФСИН России по Республике Хакасия»","Подгорный квартал, д. 13, пгт Усть-Абакан, Республика Хакасия, Россия, 655100","53.842706,91.403113"
"Абакан | ФКУ «ИК № 33 УФСИН России по Республике Хакасия»","Молодежный кв-л, д.22, город Абакан, Республика Хакасия, Россия, 655017","53.721342,91.364217"
"Абакан | ФКУ «ИК № 35 УФСИН России по Республике Хакасия»","Молодежный кв-л, д.11, город Абакан, Республика Хакасия, Россия, 655017","53.725091,91.366309"
"ФКУ ЛИУ-34 УФСИН России по Республике Хакасия","город Черногорск, рабочий поселок Пригорск, Республика Хакасия, Россия, 655156","53.912238,91.260782"
"ФКУ СИЗО-1 УФСИН России по Республике Хакасия | Республика Хакасия","Молодежный кв-л, д. 22б стр. 1, г Абакан, Республика Хакасия, Россия, 655017","53.721342,91.364217"
"Сургут | ФКУ «ИК № 11 УФСИН по ХМАО»","ул. Трудовая, д. 2, г. Сургут, Ханты-Мансийский автономный округ — Югра, Россия, 628422","61.230104,73.460666"
"Нижневартовск | ФКУ «ИК № 15 УФСИН по ХМАО»","посёлок Северный, г. Нижневартовск, Ханты-Мансийский автономный округ — Югра, Россия, 628606","60.95368,76.572524"
"ФКУ СИЗО-1 УФСИН России по Ханты-Мансийскому АО | Ханты-Мансийский автономный округ - Югра","пер. Клубный, д. 145, г. Нижневартовск, Ханты-Мансийский автономный округ — Югра, Россия, 628601","60.913542,76.635534"
"ФКУ СИЗО-1 УФСИН России по Херсонской области | Оккупированная территория Херсонской области","ул. Тараса Шевченко, д. 66, с. Чонгар, Генический район, Херсонская область, Украина, 275502","46.030809,34.547769"
"Копейск | ФКУ «ИК № 1 ГУФСИН России по Челябинской области»","город Копейск, рабочий поселок Октябрьский, Челябинская область, Россия, 456658","55.079278,61.814336"
"Челябинск | ФКУ «ИК № 5 ГУФСИН России по Челябинской области»","ул Сталеваров, д. 10, город Челябинск, Челябинская область, Россия, 454047","55.269038,61.401942"
"Копейск | ФКУ «ИК № 6 ГУФСИН России по Челябинской области»","Кемеровская ул, д. 20, город Копейск, Челябинская область, Россия, 456612","54.927641,61.455032"
"Копейск | ФКУ «ИК № 11 ГУФСИН России по Челябинской области»","город Копейск, рабочий поселок Железнодорожный, Челябинская область, Россия, 456656","55.092617,61.553836"
"Копейск | ФКУ «ИК № 15 ГУФСИН России по Челябинской области»","Томская ул., д.4, город Копейск, Челябинская область, Россия, 456652","55.178345,61.622239"
"Магнитогорск | ФКУ «ИК № 18 ГУФСИН России по Челябинской области»","ул. Танкистов, д.19 к.а, город Магнитогорск, Челябинская область, Россия, 455016","53.373231,59.064038"
"Магнитогорск | ФКУ Областная психиатрическая больница ГУФСИН по Челябинской области","ул. Танкистов, д.19, город Магнитогорск, Челябинская область, Россия, 455016","53.377592,59.063079"
"ФКУ СИЗО-1 УФСИН России по Челябинской области | Челябинская область","ул. Российская, д. 53, г. Челябинск, Россия, 456006","55.178482,61.415041"
"ФКУ СИЗО-2 ГУФСИН России по Челябинской области | Челябинская область","ул. Танкистов, д.19, город Магнитогорск, Челябинская область, Россия, 455016","53.377592,59.063079"
"ФКУ СИЗО-3 УФСИН России по Челябинской области | Челябинская область","ул. Артиллерийская, д. 66А, г. Челябинск, Россия, 456205","55.179294,61.427115"
"ФКУ СИЗО-4 ГУФСИН России по Челябинской области | Челябинская область","ул. Им. П.П.Аносова, д.273 НЕТ, нет, город Златоуст, Челябинская область, Россия, 456205","55.203818,59.730198"
"ФКУ СИЗО-7 ФСИН России | Челябинская область","ул Коммуны, д. 70, город Челябинск, Челябинская область, Россия, 454091","55.163616,61.395369"
"Верхнеуральск | ФКУ «Тюрьма ГУФСИН России по Челябинской области»","Северная ул., д.1, Верхнеуральский район, город Верхнеуральск, Челябинская область, Россия, 457670","53.895899,59.223925"
"Аргун | ФКУ «КП № 3 УФСИН России по Чеченской республике»","Шоссейная ул, зд. 144, город Аргун, Чеченская Республика, Россия, 366310","43.292687,45.880238"
"ФКУ СИЗО-1 УФСИН России по Чеченской Республике | Чеченская Республика","ул. имени Кунта-Хаджи Кишиева, д.2, город Грозный, Чеченская Республика, Россия, 364037","43.32615,45.702794"
"ФКУ СИЗО-2 УФСИН России по Чеченской Республике | Чеченская Республика","ул Дзержинского, д. 10, Наурский район, село Чернокозово, Чеченская Республика, Россия, 366134","43.63696,45.453711"
"Чебоксары | ФКУ «ИК № 1 УФСИН России по Чувашии»","Лапсарский пр-д, д. 17, город Чебоксары, Чувашская Республика, Россия, 428903","56.064031,47.259053"
"с. Чернокозово | ФКУ «ИК № 2 УФСИН России по Чеченской республике»","ул Дзержинского, д. 10, Наурский район, село Чернокозово, Чеченская Республика, Россия, 366134","43.63696,45.453711"
"Цивильск | ФКУ «ИК № 9 УФСИН России по Чувашии»","Северная ул., д.13, Цивильский район, город Цивильск, Чувашская Республика, Россия, 429900","55.716046,47.40792"
"п. Калинино | ФКУ «КП № 8 УФСИН России по Чувашии»","ул. Калинина, д. 1, Алатырский район, поселок Калинино, Чувашская Республика, Россия, 429801","54.776125,46.448337"
"ФКУ СИЗО-2 УФСИН России по Чувашской Республике | Чувашская Республика","Советская ул., д. 81, Цивильский район, город Цивильск, Чувашская Республика, Россия, 429901","55.86629,47.4799"
"п. Харп | п. Харп | ФКУ ИК-3 УФСИН России по Ямало-Ненецкому автономному округу","ул. Гагарина, д. 1А, пгт Харп, Приуральский район, Ямало-Ненецкий автономный округ, Россия, 629420","66.815131,65.801312"
"Лабытнанги | Лабытнанги | ФКУ ИК-8 УФСИН России по Ямало-Ненецкому автономному округу","Северная ул., д.33, город Лабытнанги, Ямало-Ненецкий автономный округ, Россия, 629400","66.655763,66.389832"
"п. Харп | п. Харп | ФКУ ИК-18 УФСИН России по Ямало-Ненецкому автономному округу","пгт Харп, Приуральский район, Ямало-Ненецкий автономный округ, Россия, 629420","66.815131,65.801312"
"Ярославль | ФКУ «ИК № 1 УФСИН России по Ярославской области»","Хлебная ул., д.12, город Ярославль, Ярославская область, Россия, 150036","57.766921,39.789689"
"Рыбинск | ФКУ «ИК № 2 УФСИН России по Ярославской области»","Целинная ул., д.50, Рыбинский район, город Рыбинск, Ярославская область, Россия, 152914","58.106433,38.719629"
"Углич | ФКУ «ИК № 3 УФСИН России по Ярославской области»","Камышевское ш., д.2, Угличский район, город Углич, Ярославская область, Россия, 152612","57.509459,38.302947"
"Ярославль | ФКУ «ИК № 8 УФСИН России по Ярославской области»","ул Колышкина, д. 1а, город Ярославль, Ярославская область, Россия, 150036","57.73276,39.803065"
"ФКУ СИЗО-1 Управления ФСИН России по Ярославской области | Ярославская область","Портовая набережная, д. 10, г. Ярославль, Россия, 150001","57.60963,39.909303"
"ФКУ СИЗО-2 УФСИН России по Ярославской области | Ярославская область","Шоссейный пер., д.5, Рыбинский район, город Рыбинск, Ярославская область, Россия, 152919","58.029149,38.832513"
"ИВС ОМВД России по Раздольненскому району | Оккупированная территория Республики Крым","Евпаторийское шоссе, д. 5, п. Раздольное, Раздольненский район, Республика Крым, Россия","45.763278,33.491335"
"ИВС ОМВД по Нижнедевицкому району Воронежской области | Воронежская область","Театральная улица, д. 20, с. Нижнедевицк, Нижнедевицкий район, Воронежская область, Россия","51.539986,38.351583"
"ИВС УМВД РФ по г. Нальчик | Кабардино-Балкарская Республика","площадь 400-летия, Нальчик, Кабардино-Балкарская Республика","43.484603,43.607012"
"ИВС УМВД России по г. Ростову-на-Дону | Ростовская область","Ворошиловский проспект, д. 28, г. Ростов-на-Дону, Ростовская область, Россия","47.22497,39.718036"
"ИВС подозреваемых и обвиняемых по городу Сочи | Краснодарский край","аллея Челтенхэма, д. 10 к1, г. Сочи, Краснодарский край, Россия","43.563524,39.801528"
"ПФРСИ при ИК № 1 по Республике Адыгея | Республика Адыгея","ул. Ленина, д. 28, п. Тлюстенхабль, Теучежский район, Республика Адыгея, Россия, 385228","44.981426,39.0903"
"ПФРСИ при ИК-4 УФСИН России по Калининградской области | Калининградская область","пос. Колосовка, Зеленоградский район, Калининградская область, Россия, 238543","54.801732,20.299117"
"ПФРСИ при ИК-5 по Красноярскому краю | Красноярский край","ул. Центральная, д. 50, п. Старцево, Емельяновский район, Красноярский край, Россия, 660119","56.165541,92.982251"
"ПФРСИ при ИК-6 УФСИН России по Московской области | Московская область","проезд Колычевский, д. 6, г. Коломна, Московская область, Россия, 140405","55.061456,38.738928"
"ПФРСИ при ИК-7 по Владимирской области | Владимирская область","ул. Центральная, д. 1А, пос. Пакино, Ковровский район, Владимирская область, Россия, 601960","56.363976,41.233449"
"ПФРСИ при ИК-9 УФСИН России по Волгоградской области | Волгоградская область","ул. Костюченко, д. 12, г. Волгоград, Россия, 400058","48.839108,44.557934"
"ПФРСИ при ИК-9 УФСИН России по Краснодарскому краю | Краснодарский край","ул. Грибоедова, д. 42, г. Хадыженск, Краснодарский край, Россия, 352671","44.409509,39.527864"
"ПФРСИ при ФКУ ИК № 6 УФСИН России по Чувашской Республике | Чувашская Республика","ул. Большая, влд. 50, дер. Толиково, Чебоксарский район, Чувашская Республика - Чувашия, Россия, 429950","56.069547,47.454614"
"ПФРСИ при ФКУ ИК-1 УФСИН России по Московской области | Московская область","пос. Новое Гришино, Дмитровский район, Московская область, Россия, 141862","56.197451,37.644188"
"ПФРСИ при ФКУ ИК-13 УФСИН России по Свердловской области | Свердловская область","ул. Кулибина, д. 61, г. Нижний Тагил, Свердловская область, Россия, 622013","57.900588,60.015351"
"ПФРСИ при ФКУ ИК-15 УФСИН России по Самарской области  | Самарская область","ул. Утевская, д. 18А, г. Самара, Россия, 443047","53.13229,50.105148"
"ПФРСИ при ФКУ ИК-2 ГУФСИН России по Свердловской области | Свердловская область","ул. Малышева, д. 2 Б, г. Екатеринбург, Свердловская область, Россия, 620019","56.831261,60.580066"
"ПФРСИ при ФКУ ИК-9 УФСИН России по Республике Карелия | Республика Карелия","пос. Петрозаводской Птицефабрики, р-н Птицефабрика, г. Петрозаводск, Республика Карелия, Россия, 185012, а/я 1443","61.726382,34.438795"
"ПФРСИ при ФКУ ЛИУ-42 ГУФСИН России по Кемеровской области | Кемеровская область","тер. Северная промзона, д. 15, г. Ленинск-Кузнецкий, Кемеровская область, Россия, 652523","54.724822, 86.165037"
